Create table Clientes (
id integer,
razonSocial varchar(50),
dniCuil varchar(12),
fechaAlta date,
constraint id primary key(id)
);

INSERT INTO `Clientes` (`id`,`razonSocial`,`dniCuil`,`fechaAlta`) VALUES (1,"In PC","862131045420","13/02/2015");
INSERT INTO `Clientes` (`id`,`razonSocial`,`dniCuil`,`fechaAlta`) VALUES (2,"Consectetuer Euismod Associates","276481239157","29/01/2016");
INSERT INTO `Clientes` (`id`,`razonSocial`,`dniCuil`,`fechaAlta`) VALUES (3,"Fusce Dolor Quam Institute","219311962821","08/04/2015");
INSERT INTO `Clientes` (`id`,`razonSocial`,`dniCuil`,`fechaAlta`) VALUES (4,"Ut Semper Industries","411678022615","30/10/2014");
INSERT INTO `Clientes` (`id`,`razonSocial`,`dniCuil`,`fechaAlta`) VALUES (5,"Felis Inc.","790213244919","15/06/2015");
INSERT INTO `Clientes` (`id`,`razonSocial`,`dniCuil`,`fechaAlta`) VALUES (6,"Felis Adipiscing Ltd","327374092849","10/07/2015");
INSERT INTO `Clientes` (`id`,`razonSocial`,`dniCuil`,`fechaAlta`) VALUES (7,"Convallis Ante Lectus Foundation","345496448476","03/12/2014");
INSERT INTO `Clientes` (`id`,`razonSocial`,`dniCuil`,`fechaAlta`) VALUES (8,"Nam Tempor Diam LLP","037836314764","11/12/2014");
INSERT INTO `Clientes` (`id`,`razonSocial`,`dniCuil`,`fechaAlta`) VALUES (9,"Mi Tempor LLP","496909244614","08/10/2014");
INSERT INTO `Clientes` (`id`,`razonSocial`,`dniCuil`,`fechaAlta`) VALUES (10,"Vivamus Non PC","648328159775","12/04/2016");
INSERT INTO `Clientes` (`id`,`razonSocial`,`dniCuil`,`fechaAlta`) VALUES (11,"Massa Non LLP","729867635773","19/02/2015");
INSERT INTO `Clientes` (`id`,`razonSocial`,`dniCuil`,`fechaAlta`) VALUES (12,"Mauris Institute","019848331240","19/08/2015");
INSERT INTO `Clientes` (`id`,`razonSocial`,`dniCuil`,`fechaAlta`) VALUES (13,"Morbi Neque Company","813285525321","21/10/2015");
INSERT INTO `Clientes` (`id`,`razonSocial`,`dniCuil`,`fechaAlta`) VALUES (14,"Sed Dui Fusce LLP","310110345030","30/08/2015");
INSERT INTO `Clientes` (`id`,`razonSocial`,`dniCuil`,`fechaAlta`) VALUES (15,"Sit Amet Inc.","073074332272","21/08/2015");
INSERT INTO `Clientes` (`id`,`razonSocial`,`dniCuil`,`fechaAlta`) VALUES (16,"Condimentum PC","663918275139","27/05/2015");
INSERT INTO `Clientes` (`id`,`razonSocial`,`dniCuil`,`fechaAlta`) VALUES (17,"Vitae Purus Foundation","500280684603","06/02/2016");
INSERT INTO `Clientes` (`id`,`razonSocial`,`dniCuil`,`fechaAlta`) VALUES (18,"Quis Turpis Foundation","641023424261","02/12/2014");
INSERT INTO `Clientes` (`id`,`razonSocial`,`dniCuil`,`fechaAlta`) VALUES (19,"Morbi Accumsan Laoreet Foundation","771240468212","17/06/2016");
INSERT INTO `Clientes` (`id`,`razonSocial`,`dniCuil`,`fechaAlta`) VALUES (20,"Dui Cras Company","967774844960","22/08/2014");
INSERT INTO `Clientes` (`id`,`razonSocial`,`dniCuil`,`fechaAlta`) VALUES (21,"Duis Risus Associates","122038183380","31/03/2015");
INSERT INTO `Clientes` (`id`,`razonSocial`,`dniCuil`,`fechaAlta`) VALUES (22,"Placerat LLP","822629639940","26/04/2016");
INSERT INTO `Clientes` (`id`,`razonSocial`,`dniCuil`,`fechaAlta`) VALUES (23,"Sapien Limited","753052075364","07/11/2015");
INSERT INTO `Clientes` (`id`,`razonSocial`,`dniCuil`,`fechaAlta`) VALUES (24,"In Magna Limited","609492698535","24/06/2015");
INSERT INTO `Clientes` (`id`,`razonSocial`,`dniCuil`,`fechaAlta`) VALUES (25,"Mauris A Industries","962202875899","02/04/2015");
INSERT INTO `Clientes` (`id`,`razonSocial`,`dniCuil`,`fechaAlta`) VALUES (26,"Sodales Elit PC","202060243154","13/02/2016");
INSERT INTO `Clientes` (`id`,`razonSocial`,`dniCuil`,`fechaAlta`) VALUES (27,"Cursus Associates","901719251386","08/03/2016");
INSERT INTO `Clientes` (`id`,`razonSocial`,`dniCuil`,`fechaAlta`) VALUES (28,"Faucibus Ut Nulla LLP","372696714782","30/01/2015");
INSERT INTO `Clientes` (`id`,`razonSocial`,`dniCuil`,`fechaAlta`) VALUES (29,"Feugiat PC","879519455956","07/12/2014");
INSERT INTO `Clientes` (`id`,`razonSocial`,`dniCuil`,`fechaAlta`) VALUES (30,"Ullamcorper PC","826596449624","30/06/2015");
INSERT INTO `Clientes` (`id`,`razonSocial`,`dniCuil`,`fechaAlta`) VALUES (31,"Consectetuer Adipiscing Elit LLC","209027499037","11/09/2014");
INSERT INTO `Clientes` (`id`,`razonSocial`,`dniCuil`,`fechaAlta`) VALUES (32,"Sit Institute","199053796530","04/11/2015");
INSERT INTO `Clientes` (`id`,`razonSocial`,`dniCuil`,`fechaAlta`) VALUES (33,"Nunc Mauris Morbi Incorporated","775897062177","16/11/2015");
INSERT INTO `Clientes` (`id`,`razonSocial`,`dniCuil`,`fechaAlta`) VALUES (34,"Nec Luctus Felis LLC","478219352443","17/05/2015");
INSERT INTO `Clientes` (`id`,`razonSocial`,`dniCuil`,`fechaAlta`) VALUES (35,"Aliquam Adipiscing Lobortis Institute","091876664722","05/02/2015");
INSERT INTO `Clientes` (`id`,`razonSocial`,`dniCuil`,`fechaAlta`) VALUES (36,"Magna Tellus Faucibus Inc.","456882904778","20/08/2014");
INSERT INTO `Clientes` (`id`,`razonSocial`,`dniCuil`,`fechaAlta`) VALUES (37,"Vestibulum Corporation","335086772359","20/08/2015");
INSERT INTO `Clientes` (`id`,`razonSocial`,`dniCuil`,`fechaAlta`) VALUES (38,"Non Hendrerit LLP","455170918966","11/05/2016");
INSERT INTO `Clientes` (`id`,`razonSocial`,`dniCuil`,`fechaAlta`) VALUES (39,"At Nisi Ltd","936372922493","18/07/2015");
INSERT INTO `Clientes` (`id`,`razonSocial`,`dniCuil`,`fechaAlta`) VALUES (40,"Magna Tellus Consulting","722907186635","10/04/2016");
INSERT INTO `Clientes` (`id`,`razonSocial`,`dniCuil`,`fechaAlta`) VALUES (41,"Praesent Interdum Associates","556749069798","06/12/2015");
INSERT INTO `Clientes` (`id`,`razonSocial`,`dniCuil`,`fechaAlta`) VALUES (42,"Mauris LLP","892316964669","20/02/2016");
INSERT INTO `Clientes` (`id`,`razonSocial`,`dniCuil`,`fechaAlta`) VALUES (43,"Mauris Institute","272586416592","26/01/2015");
INSERT INTO `Clientes` (`id`,`razonSocial`,`dniCuil`,`fechaAlta`) VALUES (44,"Dapibus Quam Corporation","641969550402","05/07/2015");
INSERT INTO `Clientes` (`id`,`razonSocial`,`dniCuil`,`fechaAlta`) VALUES (45,"Cursus Vestibulum Mauris PC","998778032813","10/04/2016");
INSERT INTO `Clientes` (`id`,`razonSocial`,`dniCuil`,`fechaAlta`) VALUES (46,"Lectus Inc.","604789107680","31/08/2015");
INSERT INTO `Clientes` (`id`,`razonSocial`,`dniCuil`,`fechaAlta`) VALUES (47,"Nascetur Ridiculus Mus Ltd","103403795791","09/12/2014");
INSERT INTO `Clientes` (`id`,`razonSocial`,`dniCuil`,`fechaAlta`) VALUES (48,"Praesent LLC","272949697630","22/01/2015");
INSERT INTO `Clientes` (`id`,`razonSocial`,`dniCuil`,`fechaAlta`) VALUES (49,"Vestibulum Ut Eros Limited","919056564026","18/07/2014");
INSERT INTO `Clientes` (`id`,`razonSocial`,`dniCuil`,`fechaAlta`) VALUES (50,"Interdum Corp.","766252794592","17/05/2015");
INSERT INTO `Clientes` (`id`,`razonSocial`,`dniCuil`,`fechaAlta`) VALUES (51,"Quis Associates","285680990238","11/12/2014");
INSERT INTO `Clientes` (`id`,`razonSocial`,`dniCuil`,`fechaAlta`) VALUES (52,"Erat Institute","282835590116","11/12/2015");
INSERT INTO `Clientes` (`id`,`razonSocial`,`dniCuil`,`fechaAlta`) VALUES (53,"Mauris Consulting","716130165865","08/11/2014");
INSERT INTO `Clientes` (`id`,`razonSocial`,`dniCuil`,`fechaAlta`) VALUES (54,"Donec Industries","475107671034","28/01/2015");
INSERT INTO `Clientes` (`id`,`razonSocial`,`dniCuil`,`fechaAlta`) VALUES (55,"Mattis Ornare Foundation","840018303049","15/09/2015");
INSERT INTO `Clientes` (`id`,`razonSocial`,`dniCuil`,`fechaAlta`) VALUES (56,"Mauris Associates","935857240465","09/04/2015");
INSERT INTO `Clientes` (`id`,`razonSocial`,`dniCuil`,`fechaAlta`) VALUES (57,"Libero Dui Nec LLC","835799602177","22/09/2014");
INSERT INTO `Clientes` (`id`,`razonSocial`,`dniCuil`,`fechaAlta`) VALUES (58,"Nullam Nisl Maecenas Corporation","207584967335","19/12/2014");
INSERT INTO `Clientes` (`id`,`razonSocial`,`dniCuil`,`fechaAlta`) VALUES (59,"Sit Amet Ornare Inc.","395429618917","01/04/2016");
INSERT INTO `Clientes` (`id`,`razonSocial`,`dniCuil`,`fechaAlta`) VALUES (60,"A Purus Institute","472809081565","11/06/2016");
INSERT INTO `Clientes` (`id`,`razonSocial`,`dniCuil`,`fechaAlta`) VALUES (61,"Sit LLP","326009635204","08/12/2015");
INSERT INTO `Clientes` (`id`,`razonSocial`,`dniCuil`,`fechaAlta`) VALUES (62,"Lorem Ac Risus Inc.","521373895228","11/09/2015");
INSERT INTO `Clientes` (`id`,`razonSocial`,`dniCuil`,`fechaAlta`) VALUES (63,"Lacus Nulla Consulting","176889886722","17/09/2014");
INSERT INTO `Clientes` (`id`,`razonSocial`,`dniCuil`,`fechaAlta`) VALUES (64,"Gravida Nunc Incorporated","620399167480","25/04/2016");
INSERT INTO `Clientes` (`id`,`razonSocial`,`dniCuil`,`fechaAlta`) VALUES (65,"Aliquam Fringilla Company","995047217339","01/06/2016");
INSERT INTO `Clientes` (`id`,`razonSocial`,`dniCuil`,`fechaAlta`) VALUES (66,"Scelerisque Sed Sapien Corp.","367740624522","21/10/2015");
INSERT INTO `Clientes` (`id`,`razonSocial`,`dniCuil`,`fechaAlta`) VALUES (67,"At Consulting","738512814918","28/10/2014");
INSERT INTO `Clientes` (`id`,`razonSocial`,`dniCuil`,`fechaAlta`) VALUES (68,"Et Corp.","724072424228","15/12/2015");
INSERT INTO `Clientes` (`id`,`razonSocial`,`dniCuil`,`fechaAlta`) VALUES (69,"Arcu Vestibulum Ut Corp.","651359427210","20/11/2014");
INSERT INTO `Clientes` (`id`,`razonSocial`,`dniCuil`,`fechaAlta`) VALUES (70,"Purus Incorporated","363825322528","14/03/2015");
INSERT INTO `Clientes` (`id`,`razonSocial`,`dniCuil`,`fechaAlta`) VALUES (71,"Cum Sociis Natoque Industries","610863610105","03/01/2015");
INSERT INTO `Clientes` (`id`,`razonSocial`,`dniCuil`,`fechaAlta`) VALUES (72,"Morbi Vehicula Pellentesque Consulting","243299027362","23/07/2014");
INSERT INTO `Clientes` (`id`,`razonSocial`,`dniCuil`,`fechaAlta`) VALUES (73,"Arcu Vivamus Sit Consulting","915489154479","18/04/2015");
INSERT INTO `Clientes` (`id`,`razonSocial`,`dniCuil`,`fechaAlta`) VALUES (74,"Quam A Felis Associates","712930710291","03/11/2014");
INSERT INTO `Clientes` (`id`,`razonSocial`,`dniCuil`,`fechaAlta`) VALUES (75,"Non Industries","867782761959","04/10/2014");
INSERT INTO `Clientes` (`id`,`razonSocial`,`dniCuil`,`fechaAlta`) VALUES (76,"Integer Tincidunt LLP","872314276142","22/03/2016");
INSERT INTO `Clientes` (`id`,`razonSocial`,`dniCuil`,`fechaAlta`) VALUES (77,"In Faucibus Orci Ltd","707797633119","26/04/2016");
INSERT INTO `Clientes` (`id`,`razonSocial`,`dniCuil`,`fechaAlta`) VALUES (78,"Aliquam Adipiscing Corp.","734843116268","01/01/2015");
INSERT INTO `Clientes` (`id`,`razonSocial`,`dniCuil`,`fechaAlta`) VALUES (79,"Lorem Corporation","212184261951","10/04/2015");
INSERT INTO `Clientes` (`id`,`razonSocial`,`dniCuil`,`fechaAlta`) VALUES (80,"Molestie Orci Consulting","808479343513","25/05/2015");
INSERT INTO `Clientes` (`id`,`razonSocial`,`dniCuil`,`fechaAlta`) VALUES (81,"Lacus Associates","264893195581","02/12/2015");
INSERT INTO `Clientes` (`id`,`razonSocial`,`dniCuil`,`fechaAlta`) VALUES (82,"Adipiscing Elit Curabitur Associates","266719413426","27/09/2015");
INSERT INTO `Clientes` (`id`,`razonSocial`,`dniCuil`,`fechaAlta`) VALUES (83,"Diam Limited","636171218371","01/06/2016");
INSERT INTO `Clientes` (`id`,`razonSocial`,`dniCuil`,`fechaAlta`) VALUES (84,"Natoque Incorporated","982168858747","24/05/2015");
INSERT INTO `Clientes` (`id`,`razonSocial`,`dniCuil`,`fechaAlta`) VALUES (85,"Cursus Integer Mollis PC","909939337444","29/08/2015");
INSERT INTO `Clientes` (`id`,`razonSocial`,`dniCuil`,`fechaAlta`) VALUES (86,"Tortor LLP","044583821850","11/10/2014");
INSERT INTO `Clientes` (`id`,`razonSocial`,`dniCuil`,`fechaAlta`) VALUES (87,"Et Ultrices Inc.","062081494402","04/04/2016");
INSERT INTO `Clientes` (`id`,`razonSocial`,`dniCuil`,`fechaAlta`) VALUES (88,"Nec LLP","548328315733","08/12/2014");
INSERT INTO `Clientes` (`id`,`razonSocial`,`dniCuil`,`fechaAlta`) VALUES (89,"Aliquam Consulting","391893107611","27/08/2014");
INSERT INTO `Clientes` (`id`,`razonSocial`,`dniCuil`,`fechaAlta`) VALUES (90,"Ipsum PC","259260981169","05/02/2016");
INSERT INTO `Clientes` (`id`,`razonSocial`,`dniCuil`,`fechaAlta`) VALUES (91,"Eget Ltd","977028940804","06/12/2014");
INSERT INTO `Clientes` (`id`,`razonSocial`,`dniCuil`,`fechaAlta`) VALUES (92,"Aptent Taciti Sociosqu Foundation","209486150349","13/11/2014");
INSERT INTO `Clientes` (`id`,`razonSocial`,`dniCuil`,`fechaAlta`) VALUES (93,"Hendrerit Corp.","550429985566","02/07/2014");
INSERT INTO `Clientes` (`id`,`razonSocial`,`dniCuil`,`fechaAlta`) VALUES (94,"Sed Dui Fusce Company","696668181366","24/09/2015");
INSERT INTO `Clientes` (`id`,`razonSocial`,`dniCuil`,`fechaAlta`) VALUES (95,"Mauris LLP","405369946362","10/03/2015");
INSERT INTO `Clientes` (`id`,`razonSocial`,`dniCuil`,`fechaAlta`) VALUES (96,"Orci Associates","393254842981","03/09/2015");
INSERT INTO `Clientes` (`id`,`razonSocial`,`dniCuil`,`fechaAlta`) VALUES (97,"Elementum Institute","430545679744","09/04/2015");
INSERT INTO `Clientes` (`id`,`razonSocial`,`dniCuil`,`fechaAlta`) VALUES (98,"Lacus Aliquam Corporation","945779793248","26/05/2016");
INSERT INTO `Clientes` (`id`,`razonSocial`,`dniCuil`,`fechaAlta`) VALUES (99,"Et LLP","881724667036","27/10/2015");
INSERT INTO `Clientes` (`id`,`razonSocial`,`dniCuil`,`fechaAlta`) VALUES (100,"Consequat Dolor Institute","226614283203","04/07/2015");

Create table Producto (
id integer,
precioUnitario float,
stockActual integer,
constraint id primary key(id)
);
INSERT INTO `Producto` (`id`,`precioUnitario`,`stockActual`) VALUES (1,"8,381",77);
INSERT INTO `Producto` (`id`,`precioUnitario`,`stockActual`) VALUES (2,"5,006",85);
INSERT INTO `Producto` (`id`,`precioUnitario`,`stockActual`) VALUES (3,"8,645",88);
INSERT INTO `Producto` (`id`,`precioUnitario`,`stockActual`) VALUES (4,"6,076",91);
INSERT INTO `Producto` (`id`,`precioUnitario`,`stockActual`) VALUES (5,"9,304",3);
INSERT INTO `Producto` (`id`,`precioUnitario`,`stockActual`) VALUES (6,"6,210",97);
INSERT INTO `Producto` (`id`,`precioUnitario`,`stockActual`) VALUES (7,"6,901",49);
INSERT INTO `Producto` (`id`,`precioUnitario`,`stockActual`) VALUES (8,"6,446",85);
INSERT INTO `Producto` (`id`,`precioUnitario`,`stockActual`) VALUES (9,"7,136",11);
INSERT INTO `Producto` (`id`,`precioUnitario`,`stockActual`) VALUES (10,"8,892",69);
INSERT INTO `Producto` (`id`,`precioUnitario`,`stockActual`) VALUES (11,"8,499",38);
INSERT INTO `Producto` (`id`,`precioUnitario`,`stockActual`) VALUES (12,"6,061",33);
INSERT INTO `Producto` (`id`,`precioUnitario`,`stockActual`) VALUES (13,"8,323",76);
INSERT INTO `Producto` (`id`,`precioUnitario`,`stockActual`) VALUES (14,"7,584",80);
INSERT INTO `Producto` (`id`,`precioUnitario`,`stockActual`) VALUES (15,"8,039",45);
INSERT INTO `Producto` (`id`,`precioUnitario`,`stockActual`) VALUES (16,"7,694",72);
INSERT INTO `Producto` (`id`,`precioUnitario`,`stockActual`) VALUES (17,"7,647",1);
INSERT INTO `Producto` (`id`,`precioUnitario`,`stockActual`) VALUES (18,"5,556",41);
INSERT INTO `Producto` (`id`,`precioUnitario`,`stockActual`) VALUES (19,"7,385",68);
INSERT INTO `Producto` (`id`,`precioUnitario`,`stockActual`) VALUES (20,"6,900",79);
INSERT INTO `Producto` (`id`,`precioUnitario`,`stockActual`) VALUES (21,"8,217",95);
INSERT INTO `Producto` (`id`,`precioUnitario`,`stockActual`) VALUES (22,"9,562",67);
INSERT INTO `Producto` (`id`,`precioUnitario`,`stockActual`) VALUES (23,"5,812",84);
INSERT INTO `Producto` (`id`,`precioUnitario`,`stockActual`) VALUES (24,"7,567",35);
INSERT INTO `Producto` (`id`,`precioUnitario`,`stockActual`) VALUES (25,"8,872",94);
INSERT INTO `Producto` (`id`,`precioUnitario`,`stockActual`) VALUES (26,"8,491",81);
INSERT INTO `Producto` (`id`,`precioUnitario`,`stockActual`) VALUES (27,"8,807",10);
INSERT INTO `Producto` (`id`,`precioUnitario`,`stockActual`) VALUES (28,"8,064",27);
INSERT INTO `Producto` (`id`,`precioUnitario`,`stockActual`) VALUES (29,"6,188",74);
INSERT INTO `Producto` (`id`,`precioUnitario`,`stockActual`) VALUES (30,"9,622",33);
INSERT INTO `Producto` (`id`,`precioUnitario`,`stockActual`) VALUES (31,"7,626",39);
INSERT INTO `Producto` (`id`,`precioUnitario`,`stockActual`) VALUES (32,"8,213",6);
INSERT INTO `Producto` (`id`,`precioUnitario`,`stockActual`) VALUES (33,"7,122",37);
INSERT INTO `Producto` (`id`,`precioUnitario`,`stockActual`) VALUES (34,"7,740",53);
INSERT INTO `Producto` (`id`,`precioUnitario`,`stockActual`) VALUES (35,"8,587",21);
INSERT INTO `Producto` (`id`,`precioUnitario`,`stockActual`) VALUES (36,"7,037",12);
INSERT INTO `Producto` (`id`,`precioUnitario`,`stockActual`) VALUES (37,"5,955",15);
INSERT INTO `Producto` (`id`,`precioUnitario`,`stockActual`) VALUES (38,"9,280",60);
INSERT INTO `Producto` (`id`,`precioUnitario`,`stockActual`) VALUES (39,"7,563",47);
INSERT INTO `Producto` (`id`,`precioUnitario`,`stockActual`) VALUES (40,"5,389",93);
INSERT INTO `Producto` (`id`,`precioUnitario`,`stockActual`) VALUES (41,"8,863",34);
INSERT INTO `Producto` (`id`,`precioUnitario`,`stockActual`) VALUES (42,"6,551",96);
INSERT INTO `Producto` (`id`,`precioUnitario`,`stockActual`) VALUES (43,"7,879",51);
INSERT INTO `Producto` (`id`,`precioUnitario`,`stockActual`) VALUES (44,"9,630",33);
INSERT INTO `Producto` (`id`,`precioUnitario`,`stockActual`) VALUES (45,"6,709",37);
INSERT INTO `Producto` (`id`,`precioUnitario`,`stockActual`) VALUES (46,"9,364",73);
INSERT INTO `Producto` (`id`,`precioUnitario`,`stockActual`) VALUES (47,"8,147",26);
INSERT INTO `Producto` (`id`,`precioUnitario`,`stockActual`) VALUES (48,"9,887",13);
INSERT INTO `Producto` (`id`,`precioUnitario`,`stockActual`) VALUES (49,"8,938",6);
INSERT INTO `Producto` (`id`,`precioUnitario`,`stockActual`) VALUES (50,"6,506",60);
INSERT INTO `Producto` (`id`,`precioUnitario`,`stockActual`) VALUES (51,"5,477",50);
INSERT INTO `Producto` (`id`,`precioUnitario`,`stockActual`) VALUES (52,"5,899",44);
INSERT INTO `Producto` (`id`,`precioUnitario`,`stockActual`) VALUES (53,"5,999",73);
INSERT INTO `Producto` (`id`,`precioUnitario`,`stockActual`) VALUES (54,"5,855",12);
INSERT INTO `Producto` (`id`,`precioUnitario`,`stockActual`) VALUES (55,"9,394",66);
INSERT INTO `Producto` (`id`,`precioUnitario`,`stockActual`) VALUES (56,"6,680",75);
INSERT INTO `Producto` (`id`,`precioUnitario`,`stockActual`) VALUES (57,"6,218",37);
INSERT INTO `Producto` (`id`,`precioUnitario`,`stockActual`) VALUES (58,"8,677",56);
INSERT INTO `Producto` (`id`,`precioUnitario`,`stockActual`) VALUES (59,"7,236",47);
INSERT INTO `Producto` (`id`,`precioUnitario`,`stockActual`) VALUES (60,"5,790",5);
INSERT INTO `Producto` (`id`,`precioUnitario`,`stockActual`) VALUES (61,"7,002",4);
INSERT INTO `Producto` (`id`,`precioUnitario`,`stockActual`) VALUES (62,"5,581",75);
INSERT INTO `Producto` (`id`,`precioUnitario`,`stockActual`) VALUES (63,"5,991",31);
INSERT INTO `Producto` (`id`,`precioUnitario`,`stockActual`) VALUES (64,"6,442",13);
INSERT INTO `Producto` (`id`,`precioUnitario`,`stockActual`) VALUES (65,"9,487",12);
INSERT INTO `Producto` (`id`,`precioUnitario`,`stockActual`) VALUES (66,"8,268",97);
INSERT INTO `Producto` (`id`,`precioUnitario`,`stockActual`) VALUES (67,"7,485",45);
INSERT INTO `Producto` (`id`,`precioUnitario`,`stockActual`) VALUES (68,"7,601",49);
INSERT INTO `Producto` (`id`,`precioUnitario`,`stockActual`) VALUES (69,"9,802",90);
INSERT INTO `Producto` (`id`,`precioUnitario`,`stockActual`) VALUES (70,"9,088",93);
INSERT INTO `Producto` (`id`,`precioUnitario`,`stockActual`) VALUES (71,"5,453",63);
INSERT INTO `Producto` (`id`,`precioUnitario`,`stockActual`) VALUES (72,"9,732",67);
INSERT INTO `Producto` (`id`,`precioUnitario`,`stockActual`) VALUES (73,"5,695",8);
INSERT INTO `Producto` (`id`,`precioUnitario`,`stockActual`) VALUES (74,"6,375",77);
INSERT INTO `Producto` (`id`,`precioUnitario`,`stockActual`) VALUES (75,"9,925",93);
INSERT INTO `Producto` (`id`,`precioUnitario`,`stockActual`) VALUES (76,"9,312",45);
INSERT INTO `Producto` (`id`,`precioUnitario`,`stockActual`) VALUES (77,"8,384",21);
INSERT INTO `Producto` (`id`,`precioUnitario`,`stockActual`) VALUES (78,"6,348",16);
INSERT INTO `Producto` (`id`,`precioUnitario`,`stockActual`) VALUES (79,"5,948",48);
INSERT INTO `Producto` (`id`,`precioUnitario`,`stockActual`) VALUES (80,"5,749",9);
INSERT INTO `Producto` (`id`,`precioUnitario`,`stockActual`) VALUES (81,"9,685",52);
INSERT INTO `Producto` (`id`,`precioUnitario`,`stockActual`) VALUES (82,"6,412",85);
INSERT INTO `Producto` (`id`,`precioUnitario`,`stockActual`) VALUES (83,"5,255",97);
INSERT INTO `Producto` (`id`,`precioUnitario`,`stockActual`) VALUES (84,"9,254",81);
INSERT INTO `Producto` (`id`,`precioUnitario`,`stockActual`) VALUES (85,"9,652",96);
INSERT INTO `Producto` (`id`,`precioUnitario`,`stockActual`) VALUES (86,"6,108",45);
INSERT INTO `Producto` (`id`,`precioUnitario`,`stockActual`) VALUES (87,"7,687",17);
INSERT INTO `Producto` (`id`,`precioUnitario`,`stockActual`) VALUES (88,"9,317",78);
INSERT INTO `Producto` (`id`,`precioUnitario`,`stockActual`) VALUES (89,"7,310",71);
INSERT INTO `Producto` (`id`,`precioUnitario`,`stockActual`) VALUES (90,"5,976",41);
INSERT INTO `Producto` (`id`,`precioUnitario`,`stockActual`) VALUES (91,"9,765",5);
INSERT INTO `Producto` (`id`,`precioUnitario`,`stockActual`) VALUES (92,"5,955",32);
INSERT INTO `Producto` (`id`,`precioUnitario`,`stockActual`) VALUES (93,"8,164",25);
INSERT INTO `Producto` (`id`,`precioUnitario`,`stockActual`) VALUES (94,"9,973",56);
INSERT INTO `Producto` (`id`,`precioUnitario`,`stockActual`) VALUES (95,"8,216",93);
INSERT INTO `Producto` (`id`,`precioUnitario`,`stockActual`) VALUES (96,"6,392",27);
INSERT INTO `Producto` (`id`,`precioUnitario`,`stockActual`) VALUES (97,"6,717",62);
INSERT INTO `Producto` (`id`,`precioUnitario`,`stockActual`) VALUES (98,"6,765",72);
INSERT INTO `Producto` (`id`,`precioUnitario`,`stockActual`) VALUES (99,"7,167",87);
INSERT INTO `Producto` (`id`,`precioUnitario`,`stockActual`) VALUES (100,"5,585",20);

Create table Factura (
idFact integer,
nroFact integer,
fecha date,
fechaPago date,
idCliente integer,
constraint id_fact primary  key (id_fact),
foreign key (id_cliente) references Cliente(id)
);

INSERT INTO `Factura` (`idFact`,`nroFact`,`fecha`,`fechaPago`,`idCliente`) VALUES (1,79,"18/04/2015","10/03/2016",90);
INSERT INTO `Factura` (`idFact`,`nroFact`,`fecha`,`fechaPago`,`idCliente`) VALUES (2,11,"16/05/2016","29/05/2016",9);
INSERT INTO `Factura` (`idFact`,`nroFact`,`fecha`,`fechaPago`,`idCliente`) VALUES (3,95,"09/08/2014","19/02/2016",57);
INSERT INTO `Factura` (`idFact`,`nroFact`,`fecha`,`fechaPago`,`idCliente`) VALUES (4,20,"03/08/2015","24/05/2016",72);
INSERT INTO `Factura` (`idFact`,`nroFact`,`fecha`,`fechaPago`,`idCliente`) VALUES (5,94,"15/09/2015","25/11/2015",83);
INSERT INTO `Factura` (`idFact`,`nroFact`,`fecha`,`fechaPago`,`idCliente`) VALUES (6,23,"08/05/2016","28/04/2015",7);
INSERT INTO `Factura` (`idFact`,`nroFact`,`fecha`,`fechaPago`,`idCliente`) VALUES (7,47,"08/09/2015","30/12/2014",72);
INSERT INTO `Factura` (`idFact`,`nroFact`,`fecha`,`fechaPago`,`idCliente`) VALUES (8,26,"11/09/2014","18/09/2014",16);
INSERT INTO `Factura` (`idFact`,`nroFact`,`fecha`,`fechaPago`,`idCliente`) VALUES (9,71,"22/01/2016","30/08/2015",98);
INSERT INTO `Factura` (`idFact`,`nroFact`,`fecha`,`fechaPago`,`idCliente`) VALUES (10,65,"02/10/2014","29/08/2015",9);
INSERT INTO `Factura` (`idFact`,`nroFact`,`fecha`,`fechaPago`,`idCliente`) VALUES (11,69,"18/02/2016","05/02/2015",20);
INSERT INTO `Factura` (`idFact`,`nroFact`,`fecha`,`fechaPago`,`idCliente`) VALUES (12,11,"24/11/2015","20/11/2014",49);
INSERT INTO `Factura` (`idFact`,`nroFact`,`fecha`,`fechaPago`,`idCliente`) VALUES (13,86,"03/10/2014","07/10/2014",11);
INSERT INTO `Factura` (`idFact`,`nroFact`,`fecha`,`fechaPago`,`idCliente`) VALUES (14,87,"12/10/2014","29/12/2015",17);
INSERT INTO `Factura` (`idFact`,`nroFact`,`fecha`,`fechaPago`,`idCliente`) VALUES (15,52,"09/06/2016","04/09/2015",65);
INSERT INTO `Factura` (`idFact`,`nroFact`,`fecha`,`fechaPago`,`idCliente`) VALUES (16,25,"06/01/2015","07/03/2015",81);
INSERT INTO `Factura` (`idFact`,`nroFact`,`fecha`,`fechaPago`,`idCliente`) VALUES (17,92,"29/04/2016","27/09/2014",97);
INSERT INTO `Factura` (`idFact`,`nroFact`,`fecha`,`fechaPago`,`idCliente`) VALUES (18,66,"28/10/2014","24/12/2015",83);
INSERT INTO `Factura` (`idFact`,`nroFact`,`fecha`,`fechaPago`,`idCliente`) VALUES (19,62,"21/08/2014","09/04/2015",80);
INSERT INTO `Factura` (`idFact`,`nroFact`,`fecha`,`fechaPago`,`idCliente`) VALUES (20,48,"17/11/2015","31/12/2015",40);
INSERT INTO `Factura` (`idFact`,`nroFact`,`fecha`,`fechaPago`,`idCliente`) VALUES (21,71,"02/06/2015","17/11/2014",14);
INSERT INTO `Factura` (`idFact`,`nroFact`,`fecha`,`fechaPago`,`idCliente`) VALUES (22,58,"18/04/2016","08/12/2014",44);
INSERT INTO `Factura` (`idFact`,`nroFact`,`fecha`,`fechaPago`,`idCliente`) VALUES (23,66,"09/04/2015","20/01/2015",51);
INSERT INTO `Factura` (`idFact`,`nroFact`,`fecha`,`fechaPago`,`idCliente`) VALUES (24,43,"01/08/2015","09/10/2014",44);
INSERT INTO `Factura` (`idFact`,`nroFact`,`fecha`,`fechaPago`,`idCliente`) VALUES (25,31,"22/06/2016","23/04/2015",93);
INSERT INTO `Factura` (`idFact`,`nroFact`,`fecha`,`fechaPago`,`idCliente`) VALUES (26,52,"13/09/2014","11/12/2015",70);
INSERT INTO `Factura` (`idFact`,`nroFact`,`fecha`,`fechaPago`,`idCliente`) VALUES (27,58,"16/07/2015","20/02/2016",31);
INSERT INTO `Factura` (`idFact`,`nroFact`,`fecha`,`fechaPago`,`idCliente`) VALUES (28,69,"28/10/2014","21/03/2015",42);
INSERT INTO `Factura` (`idFact`,`nroFact`,`fecha`,`fechaPago`,`idCliente`) VALUES (29,26,"14/05/2015","24/02/2015",100);
INSERT INTO `Factura` (`idFact`,`nroFact`,`fecha`,`fechaPago`,`idCliente`) VALUES (30,55,"10/08/2014","08/12/2014",22);
INSERT INTO `Factura` (`idFact`,`nroFact`,`fecha`,`fechaPago`,`idCliente`) VALUES (31,67,"16/11/2015","13/03/2016",36);
INSERT INTO `Factura` (`idFact`,`nroFact`,`fecha`,`fechaPago`,`idCliente`) VALUES (32,45,"29/04/2016","31/10/2015",97);
INSERT INTO `Factura` (`idFact`,`nroFact`,`fecha`,`fechaPago`,`idCliente`) VALUES (33,37,"04/06/2015","06/10/2014",32);
INSERT INTO `Factura` (`idFact`,`nroFact`,`fecha`,`fechaPago`,`idCliente`) VALUES (34,8,"31/01/2015","25/03/2015",78);
INSERT INTO `Factura` (`idFact`,`nroFact`,`fecha`,`fechaPago`,`idCliente`) VALUES (35,88,"08/06/2015","09/02/2016",40);
INSERT INTO `Factura` (`idFact`,`nroFact`,`fecha`,`fechaPago`,`idCliente`) VALUES (36,76,"30/08/2015","01/07/2014",6);
INSERT INTO `Factura` (`idFact`,`nroFact`,`fecha`,`fechaPago`,`idCliente`) VALUES (37,48,"04/02/2016","03/03/2015",84);
INSERT INTO `Factura` (`idFact`,`nroFact`,`fecha`,`fechaPago`,`idCliente`) VALUES (38,79,"11/12/2015","24/07/2014",25);
INSERT INTO `Factura` (`idFact`,`nroFact`,`fecha`,`fechaPago`,`idCliente`) VALUES (39,84,"21/07/2014","16/06/2015",64);
INSERT INTO `Factura` (`idFact`,`nroFact`,`fecha`,`fechaPago`,`idCliente`) VALUES (40,10,"20/05/2015","19/02/2015",4);
INSERT INTO `Factura` (`idFact`,`nroFact`,`fecha`,`fechaPago`,`idCliente`) VALUES (41,61,"27/01/2016","04/04/2015",94);
INSERT INTO `Factura` (`idFact`,`nroFact`,`fecha`,`fechaPago`,`idCliente`) VALUES (42,50,"06/09/2014","01/11/2015",47);
INSERT INTO `Factura` (`idFact`,`nroFact`,`fecha`,`fechaPago`,`idCliente`) VALUES (43,58,"27/07/2014","11/01/2015",90);
INSERT INTO `Factura` (`idFact`,`nroFact`,`fecha`,`fechaPago`,`idCliente`) VALUES (44,80,"11/07/2015","12/10/2014",90);
INSERT INTO `Factura` (`idFact`,`nroFact`,`fecha`,`fechaPago`,`idCliente`) VALUES (45,44,"04/01/2016","17/02/2016",97);
INSERT INTO `Factura` (`idFact`,`nroFact`,`fecha`,`fechaPago`,`idCliente`) VALUES (46,17,"30/04/2016","04/01/2015",90);
INSERT INTO `Factura` (`idFact`,`nroFact`,`fecha`,`fechaPago`,`idCliente`) VALUES (47,18,"11/01/2015","14/08/2015",90);
INSERT INTO `Factura` (`idFact`,`nroFact`,`fecha`,`fechaPago`,`idCliente`) VALUES (48,87,"23/09/2014","06/04/2016",20);
INSERT INTO `Factura` (`idFact`,`nroFact`,`fecha`,`fechaPago`,`idCliente`) VALUES (49,2,"08/06/2015","07/01/2016",42);
INSERT INTO `Factura` (`idFact`,`nroFact`,`fecha`,`fechaPago`,`idCliente`) VALUES (50,82,"29/12/2014","12/05/2015",65);
INSERT INTO `Factura` (`idFact`,`nroFact`,`fecha`,`fechaPago`,`idCliente`) VALUES (51,49,"29/04/2015","28/11/2015",82);
INSERT INTO `Factura` (`idFact`,`nroFact`,`fecha`,`fechaPago`,`idCliente`) VALUES (52,60,"18/12/2014","18/06/2016",35);
INSERT INTO `Factura` (`idFact`,`nroFact`,`fecha`,`fechaPago`,`idCliente`) VALUES (53,89,"24/07/2014","07/01/2015",18);
INSERT INTO `Factura` (`idFact`,`nroFact`,`fecha`,`fechaPago`,`idCliente`) VALUES (54,98,"04/05/2015","20/03/2015",58);
INSERT INTO `Factura` (`idFact`,`nroFact`,`fecha`,`fechaPago`,`idCliente`) VALUES (55,74,"06/05/2015","18/02/2016",13);
INSERT INTO `Factura` (`idFact`,`nroFact`,`fecha`,`fechaPago`,`idCliente`) VALUES (56,16,"18/04/2016","27/01/2015",82);
INSERT INTO `Factura` (`idFact`,`nroFact`,`fecha`,`fechaPago`,`idCliente`) VALUES (57,83,"27/05/2015","11/02/2016",36);
INSERT INTO `Factura` (`idFact`,`nroFact`,`fecha`,`fechaPago`,`idCliente`) VALUES (58,79,"27/02/2016","24/10/2014",3);
INSERT INTO `Factura` (`idFact`,`nroFact`,`fecha`,`fechaPago`,`idCliente`) VALUES (59,89,"18/02/2015","31/01/2015",3);
INSERT INTO `Factura` (`idFact`,`nroFact`,`fecha`,`fechaPago`,`idCliente`) VALUES (60,71,"20/06/2015","31/05/2016",66);
INSERT INTO `Factura` (`idFact`,`nroFact`,`fecha`,`fechaPago`,`idCliente`) VALUES (61,14,"16/03/2015","20/12/2015",53);
INSERT INTO `Factura` (`idFact`,`nroFact`,`fecha`,`fechaPago`,`idCliente`) VALUES (62,88,"20/02/2016","10/07/2015",44);
INSERT INTO `Factura` (`idFact`,`nroFact`,`fecha`,`fechaPago`,`idCliente`) VALUES (63,86,"25/10/2014","19/07/2014",17);
INSERT INTO `Factura` (`idFact`,`nroFact`,`fecha`,`fechaPago`,`idCliente`) VALUES (64,76,"06/03/2015","30/06/2014",14);
INSERT INTO `Factura` (`idFact`,`nroFact`,`fecha`,`fechaPago`,`idCliente`) VALUES (65,30,"20/11/2015","27/07/2015",64);
INSERT INTO `Factura` (`idFact`,`nroFact`,`fecha`,`fechaPago`,`idCliente`) VALUES (66,55,"10/09/2015","20/04/2016",52);
INSERT INTO `Factura` (`idFact`,`nroFact`,`fecha`,`fechaPago`,`idCliente`) VALUES (67,64,"06/01/2015","24/11/2014",70);
INSERT INTO `Factura` (`idFact`,`nroFact`,`fecha`,`fechaPago`,`idCliente`) VALUES (68,22,"11/08/2014","03/06/2015",22);
INSERT INTO `Factura` (`idFact`,`nroFact`,`fecha`,`fechaPago`,`idCliente`) VALUES (69,31,"25/04/2015","16/03/2015",55);
INSERT INTO `Factura` (`idFact`,`nroFact`,`fecha`,`fechaPago`,`idCliente`) VALUES (70,68,"12/09/2015","24/01/2015",15);
INSERT INTO `Factura` (`idFact`,`nroFact`,`fecha`,`fechaPago`,`idCliente`) VALUES (71,3,"01/01/2015","29/03/2016",21);
INSERT INTO `Factura` (`idFact`,`nroFact`,`fecha`,`fechaPago`,`idCliente`) VALUES (72,98,"31/03/2015","07/09/2014",35);
INSERT INTO `Factura` (`idFact`,`nroFact`,`fecha`,`fechaPago`,`idCliente`) VALUES (73,64,"11/10/2014","26/05/2016",83);
INSERT INTO `Factura` (`idFact`,`nroFact`,`fecha`,`fechaPago`,`idCliente`) VALUES (74,26,"28/03/2015","02/03/2015",31);
INSERT INTO `Factura` (`idFact`,`nroFact`,`fecha`,`fechaPago`,`idCliente`) VALUES (75,13,"10/01/2016","13/03/2015",43);
INSERT INTO `Factura` (`idFact`,`nroFact`,`fecha`,`fechaPago`,`idCliente`) VALUES (76,57,"02/03/2016","27/01/2015",14);
INSERT INTO `Factura` (`idFact`,`nroFact`,`fecha`,`fechaPago`,`idCliente`) VALUES (77,81,"02/09/2014","12/04/2015",61);
INSERT INTO `Factura` (`idFact`,`nroFact`,`fecha`,`fechaPago`,`idCliente`) VALUES (78,16,"02/04/2016","19/08/2015",63);
INSERT INTO `Factura` (`idFact`,`nroFact`,`fecha`,`fechaPago`,`idCliente`) VALUES (79,73,"11/07/2015","31/03/2015",2);
INSERT INTO `Factura` (`idFact`,`nroFact`,`fecha`,`fechaPago`,`idCliente`) VALUES (80,10,"25/04/2015","02/03/2016",29);
INSERT INTO `Factura` (`idFact`,`nroFact`,`fecha`,`fechaPago`,`idCliente`) VALUES (81,12,"15/04/2016","17/06/2016",81);
INSERT INTO `Factura` (`idFact`,`nroFact`,`fecha`,`fechaPago`,`idCliente`) VALUES (82,55,"17/04/2015","29/01/2016",19);
INSERT INTO `Factura` (`idFact`,`nroFact`,`fecha`,`fechaPago`,`idCliente`) VALUES (83,31,"03/04/2016","08/04/2016",64);
INSERT INTO `Factura` (`idFact`,`nroFact`,`fecha`,`fechaPago`,`idCliente`) VALUES (84,22,"24/11/2015","05/08/2015",32);
INSERT INTO `Factura` (`idFact`,`nroFact`,`fecha`,`fechaPago`,`idCliente`) VALUES (85,81,"04/12/2014","28/10/2015",83);
INSERT INTO `Factura` (`idFact`,`nroFact`,`fecha`,`fechaPago`,`idCliente`) VALUES (86,71,"17/05/2016","12/02/2016",12);
INSERT INTO `Factura` (`idFact`,`nroFact`,`fecha`,`fechaPago`,`idCliente`) VALUES (87,70,"04/09/2014","28/08/2015",9);
INSERT INTO `Factura` (`idFact`,`nroFact`,`fecha`,`fechaPago`,`idCliente`) VALUES (88,22,"22/08/2014","16/02/2015",54);
INSERT INTO `Factura` (`idFact`,`nroFact`,`fecha`,`fechaPago`,`idCliente`) VALUES (89,58,"28/10/2015","17/08/2015",61);
INSERT INTO `Factura` (`idFact`,`nroFact`,`fecha`,`fechaPago`,`idCliente`) VALUES (90,93,"30/07/2014","26/06/2014",5);
INSERT INTO `Factura` (`idFact`,`nroFact`,`fecha`,`fechaPago`,`idCliente`) VALUES (91,97,"29/09/2014","25/03/2016",10);
INSERT INTO `Factura` (`idFact`,`nroFact`,`fecha`,`fechaPago`,`idCliente`) VALUES (92,12,"20/09/2015","02/05/2016",18);
INSERT INTO `Factura` (`idFact`,`nroFact`,`fecha`,`fechaPago`,`idCliente`) VALUES (93,60,"12/08/2014","05/03/2015",8);
INSERT INTO `Factura` (`idFact`,`nroFact`,`fecha`,`fechaPago`,`idCliente`) VALUES (94,33,"03/11/2015","22/09/2014",5);
INSERT INTO `Factura` (`idFact`,`nroFact`,`fecha`,`fechaPago`,`idCliente`) VALUES (95,90,"05/01/2016","29/05/2015",89);
INSERT INTO `Factura` (`idFact`,`nroFact`,`fecha`,`fechaPago`,`idCliente`) VALUES (96,12,"24/12/2014","23/02/2016",82);
INSERT INTO `Factura` (`idFact`,`nroFact`,`fecha`,`fechaPago`,`idCliente`) VALUES (97,40,"29/07/2015","11/12/2015",21);
INSERT INTO `Factura` (`idFact`,`nroFact`,`fecha`,`fechaPago`,`idCliente`) VALUES (98,84,"07/09/2014","19/07/2015",8);
INSERT INTO `Factura` (`idFact`,`nroFact`,`fecha`,`fechaPago`,`idCliente`) VALUES (99,14,"14/05/2016","11/04/2015",93);
INSERT INTO `Factura` (`idFact`,`nroFact`,`fecha`,`fechaPago`,`idCliente`) VALUES (100,51,"07/01/2016","17/09/2014",28);

Create table Factura_producto (
idFactura integer, 
idProducto integer,
cantidad integer,
foreign key(id_factura) references Factura(id_fact),
foreign key(id_producto) references Producto(id)
);

INSERT INTO `Factura_Producto` (`idFactura`,`idProducto`,`cantidad`) VALUES (34,20,78);
INSERT INTO `Factura_Producto` (`idFactura`,`idProducto`,`cantidad`) VALUES (81,92,92);
INSERT INTO `Factura_Producto` (`idFactura`,`idProducto`,`cantidad`) VALUES (35,66,70);
INSERT INTO `Factura_Producto` (`idFactura`,`idProducto`,`cantidad`) VALUES (26,92,22);
INSERT INTO `Factura_Producto` (`idFactura`,`idProducto`,`cantidad`) VALUES (91,50,11);
INSERT INTO `Factura_Producto` (`idFactura`,`idProducto`,`cantidad`) VALUES (49,71,29);
INSERT INTO `Factura_Producto` (`idFactura`,`idProducto`,`cantidad`) VALUES (54,24,13);
INSERT INTO `Factura_Producto` (`idFactura`,`idProducto`,`cantidad`) VALUES (6,46,47);
INSERT INTO `Factura_Producto` (`idFactura`,`idProducto`,`cantidad`) VALUES (28,79,10);
INSERT INTO `Factura_Producto` (`idFactura`,`idProducto`,`cantidad`) VALUES (49,37,66);
INSERT INTO `Factura_Producto` (`idFactura`,`idProducto`,`cantidad`) VALUES (76,1,53);
INSERT INTO `Factura_Producto` (`idFactura`,`idProducto`,`cantidad`) VALUES (97,62,93);
INSERT INTO `Factura_Producto` (`idFactura`,`idProducto`,`cantidad`) VALUES (34,38,90);
INSERT INTO `Factura_Producto` (`idFactura`,`idProducto`,`cantidad`) VALUES (65,53,3);
INSERT INTO `Factura_Producto` (`idFactura`,`idProducto`,`cantidad`) VALUES (72,94,98);
INSERT INTO `Factura_Producto` (`idFactura`,`idProducto`,`cantidad`) VALUES (42,98,87);
INSERT INTO `Factura_Producto` (`idFactura`,`idProducto`,`cantidad`) VALUES (60,87,14);
INSERT INTO `Factura_Producto` (`idFactura`,`idProducto`,`cantidad`) VALUES (5,46,4);
INSERT INTO `Factura_Producto` (`idFactura`,`idProducto`,`cantidad`) VALUES (21,7,37);
INSERT INTO `Factura_Producto` (`idFactura`,`idProducto`,`cantidad`) VALUES (84,25,86);
INSERT INTO `Factura_Producto` (`idFactura`,`idProducto`,`cantidad`) VALUES (91,53,85);
INSERT INTO `Factura_Producto` (`idFactura`,`idProducto`,`cantidad`) VALUES (12,56,48);
INSERT INTO `Factura_Producto` (`idFactura`,`idProducto`,`cantidad`) VALUES (11,13,91);
INSERT INTO `Factura_Producto` (`idFactura`,`idProducto`,`cantidad`) VALUES (52,65,40);
INSERT INTO `Factura_Producto` (`idFactura`,`idProducto`,`cantidad`) VALUES (78,69,48);
INSERT INTO `Factura_Producto` (`idFactura`,`idProducto`,`cantidad`) VALUES (47,21,87);
INSERT INTO `Factura_Producto` (`idFactura`,`idProducto`,`cantidad`) VALUES (79,20,57);
INSERT INTO `Factura_Producto` (`idFactura`,`idProducto`,`cantidad`) VALUES (58,18,38);
INSERT INTO `Factura_Producto` (`idFactura`,`idProducto`,`cantidad`) VALUES (15,62,96);
INSERT INTO `Factura_Producto` (`idFactura`,`idProducto`,`cantidad`) VALUES (62,76,24);
INSERT INTO `Factura_Producto` (`idFactura`,`idProducto`,`cantidad`) VALUES (23,37,42);
INSERT INTO `Factura_Producto` (`idFactura`,`idProducto`,`cantidad`) VALUES (52,20,22);
INSERT INTO `Factura_Producto` (`idFactura`,`idProducto`,`cantidad`) VALUES (49,75,2);
INSERT INTO `Factura_Producto` (`idFactura`,`idProducto`,`cantidad`) VALUES (32,79,90);
INSERT INTO `Factura_Producto` (`idFactura`,`idProducto`,`cantidad`) VALUES (3,77,17);
INSERT INTO `Factura_Producto` (`idFactura`,`idProducto`,`cantidad`) VALUES (59,7,12);
INSERT INTO `Factura_Producto` (`idFactura`,`idProducto`,`cantidad`) VALUES (47,44,11);
INSERT INTO `Factura_Producto` (`idFactura`,`idProducto`,`cantidad`) VALUES (28,5,64);
INSERT INTO `Factura_Producto` (`idFactura`,`idProducto`,`cantidad`) VALUES (32,40,55);
INSERT INTO `Factura_Producto` (`idFactura`,`idProducto`,`cantidad`) VALUES (51,99,15);
INSERT INTO `Factura_Producto` (`idFactura`,`idProducto`,`cantidad`) VALUES (21,84,36);
INSERT INTO `Factura_Producto` (`idFactura`,`idProducto`,`cantidad`) VALUES (91,49,80);
INSERT INTO `Factura_Producto` (`idFactura`,`idProducto`,`cantidad`) VALUES (89,14,21);
INSERT INTO `Factura_Producto` (`idFactura`,`idProducto`,`cantidad`) VALUES (84,54,15);
INSERT INTO `Factura_Producto` (`idFactura`,`idProducto`,`cantidad`) VALUES (66,93,88);
INSERT INTO `Factura_Producto` (`idFactura`,`idProducto`,`cantidad`) VALUES (21,67,80);
INSERT INTO `Factura_Producto` (`idFactura`,`idProducto`,`cantidad`) VALUES (48,62,13);
INSERT INTO `Factura_Producto` (`idFactura`,`idProducto`,`cantidad`) VALUES (80,14,2);
INSERT INTO `Factura_Producto` (`idFactura`,`idProducto`,`cantidad`) VALUES (61,39,45);
INSERT INTO `Factura_Producto` (`idFactura`,`idProducto`,`cantidad`) VALUES (3,61,82);
INSERT INTO `Factura_Producto` (`idFactura`,`idProducto`,`cantidad`) VALUES (59,34,75);
INSERT INTO `Factura_Producto` (`idFactura`,`idProducto`,`cantidad`) VALUES (79,11,38);
INSERT INTO `Factura_Producto` (`idFactura`,`idProducto`,`cantidad`) VALUES (73,71,74);
INSERT INTO `Factura_Producto` (`idFactura`,`idProducto`,`cantidad`) VALUES (86,68,64);
INSERT INTO `Factura_Producto` (`idFactura`,`idProducto`,`cantidad`) VALUES (49,22,70);
INSERT INTO `Factura_Producto` (`idFactura`,`idProducto`,`cantidad`) VALUES (42,9,59);
INSERT INTO `Factura_Producto` (`idFactura`,`idProducto`,`cantidad`) VALUES (100,24,12);
INSERT INTO `Factura_Producto` (`idFactura`,`idProducto`,`cantidad`) VALUES (25,17,22);
INSERT INTO `Factura_Producto` (`idFactura`,`idProducto`,`cantidad`) VALUES (19,47,68);
INSERT INTO `Factura_Producto` (`idFactura`,`idProducto`,`cantidad`) VALUES (97,41,39);
INSERT INTO `Factura_Producto` (`idFactura`,`idProducto`,`cantidad`) VALUES (71,15,52);
INSERT INTO `Factura_Producto` (`idFactura`,`idProducto`,`cantidad`) VALUES (89,35,59);
INSERT INTO `Factura_Producto` (`idFactura`,`idProducto`,`cantidad`) VALUES (16,68,27);
INSERT INTO `Factura_Producto` (`idFactura`,`idProducto`,`cantidad`) VALUES (25,45,86);
INSERT INTO `Factura_Producto` (`idFactura`,`idProducto`,`cantidad`) VALUES (56,87,53);
INSERT INTO `Factura_Producto` (`idFactura`,`idProducto`,`cantidad`) VALUES (8,69,33);
INSERT INTO `Factura_Producto` (`idFactura`,`idProducto`,`cantidad`) VALUES (67,48,34);
INSERT INTO `Factura_Producto` (`idFactura`,`idProducto`,`cantidad`) VALUES (9,38,82);
INSERT INTO `Factura_Producto` (`idFactura`,`idProducto`,`cantidad`) VALUES (87,77,75);
INSERT INTO `Factura_Producto` (`idFactura`,`idProducto`,`cantidad`) VALUES (49,67,49);
INSERT INTO `Factura_Producto` (`idFactura`,`idProducto`,`cantidad`) VALUES (55,80,28);
INSERT INTO `Factura_Producto` (`idFactura`,`idProducto`,`cantidad`) VALUES (82,96,94);
INSERT INTO `Factura_Producto` (`idFactura`,`idProducto`,`cantidad`) VALUES (28,9,42);
INSERT INTO `Factura_Producto` (`idFactura`,`idProducto`,`cantidad`) VALUES (17,23,20);
INSERT INTO `Factura_Producto` (`idFactura`,`idProducto`,`cantidad`) VALUES (20,12,21);
INSERT INTO `Factura_Producto` (`idFactura`,`idProducto`,`cantidad`) VALUES (79,48,90);
INSERT INTO `Factura_Producto` (`idFactura`,`idProducto`,`cantidad`) VALUES (34,79,11);
INSERT INTO `Factura_Producto` (`idFactura`,`idProducto`,`cantidad`) VALUES (63,4,75);
INSERT INTO `Factura_Producto` (`idFactura`,`idProducto`,`cantidad`) VALUES (62,50,44);
INSERT INTO `Factura_Producto` (`idFactura`,`idProducto`,`cantidad`) VALUES (81,79,65);
INSERT INTO `Factura_Producto` (`idFactura`,`idProducto`,`cantidad`) VALUES (8,77,8);
INSERT INTO `Factura_Producto` (`idFactura`,`idProducto`,`cantidad`) VALUES (50,73,20);
INSERT INTO `Factura_Producto` (`idFactura`,`idProducto`,`cantidad`) VALUES (20,16,89);
INSERT INTO `Factura_Producto` (`idFactura`,`idProducto`,`cantidad`) VALUES (93,8,73);
INSERT INTO `Factura_Producto` (`idFactura`,`idProducto`,`cantidad`) VALUES (29,35,91);
INSERT INTO `Factura_Producto` (`idFactura`,`idProducto`,`cantidad`) VALUES (71,9,36);
INSERT INTO `Factura_Producto` (`idFactura`,`idProducto`,`cantidad`) VALUES (28,89,99);
INSERT INTO `Factura_Producto` (`idFactura`,`idProducto`,`cantidad`) VALUES (80,72,6);
INSERT INTO `Factura_Producto` (`idFactura`,`idProducto`,`cantidad`) VALUES (84,88,29);
INSERT INTO `Factura_Producto` (`idFactura`,`idProducto`,`cantidad`) VALUES (41,15,26);
INSERT INTO `Factura_Producto` (`idFactura`,`idProducto`,`cantidad`) VALUES (50,18,74);
INSERT INTO `Factura_Producto` (`idFactura`,`idProducto`,`cantidad`) VALUES (89,53,60);
INSERT INTO `Factura_Producto` (`idFactura`,`idProducto`,`cantidad`) VALUES (71,25,52);
INSERT INTO `Factura_Producto` (`idFactura`,`idProducto`,`cantidad`) VALUES (39,30,83);
INSERT INTO `Factura_Producto` (`idFactura`,`idProducto`,`cantidad`) VALUES (41,94,38);
INSERT INTO `Factura_Producto` (`idFactura`,`idProducto`,`cantidad`) VALUES (79,7,4);
INSERT INTO `Factura_Producto` (`idFactura`,`idProducto`,`cantidad`) VALUES (59,67,73);
INSERT INTO `Factura_Producto` (`idFactura`,`idProducto`,`cantidad`) VALUES (1,19,69);
INSERT INTO `Factura_Producto` (`idFactura`,`idProducto`,`cantidad`) VALUES (28,38,58);
INSERT INTO `Factura_Producto` (`idFactura`,`idProducto`,`cantidad`) VALUES (50,74,76);
