Create table Cliente (
ID integer,
razon_social varchar(20),
DNI_CUIL varchar(12),
fecha_alta date,
constraint id primary key(id)
);

INSERT INTO `Cliente` (`ID`,`razon_social`,`DNI_CUIL`,`fecha_alta`) VALUES (1,"Faucibus Orci Consulting","31901341","17/01/2015");
INSERT INTO `Cliente` (`ID`,`razon_social`,`DNI_CUIL`,`fecha_alta`) VALUES (2,"Class Aptent Taciti PC","54416512","31/08/2015");
INSERT INTO `Cliente` (`ID`,`razon_social`,`DNI_CUIL`,`fecha_alta`) VALUES (3,"Pharetra Sed Hendrerit LLC","38892361","09/09/2015");
INSERT INTO `Cliente` (`ID`,`razon_social`,`DNI_CUIL`,`fecha_alta`) VALUES (4,"Ornare Limited","71603846","06/02/2015");
INSERT INTO `Cliente` (`ID`,`razon_social`,`DNI_CUIL`,`fecha_alta`) VALUES (5,"Nulla Inc.","57067793","27/04/2016");
INSERT INTO `Cliente` (`ID`,`razon_social`,`DNI_CUIL`,`fecha_alta`) VALUES (6,"Nec Enim Nunc Associates","71488882","20/02/2015");
INSERT INTO `Cliente` (`ID`,`razon_social`,`DNI_CUIL`,`fecha_alta`) VALUES (7,"Suspendisse Commodo Foundation","90425919","23/02/2015");
INSERT INTO `Cliente` (`ID`,`razon_social`,`DNI_CUIL`,`fecha_alta`) VALUES (8,"Pede Ltd","28077066","15/11/2015");
INSERT INTO `Cliente` (`ID`,`razon_social`,`DNI_CUIL`,`fecha_alta`) VALUES (9,"Sed Limited","10806491","02/04/2015");
INSERT INTO `Cliente` (`ID`,`razon_social`,`DNI_CUIL`,`fecha_alta`) VALUES (10,"Orci Ut Semper Company","67636896","30/07/2015");
INSERT INTO `Cliente` (`ID`,`razon_social`,`DNI_CUIL`,`fecha_alta`) VALUES (11,"Ultricies Ornare Elit LLC","77166290","14/08/2015");
INSERT INTO `Cliente` (`ID`,`razon_social`,`DNI_CUIL`,`fecha_alta`) VALUES (12,"Fringilla PC","07250212","31/07/2014");
INSERT INTO `Cliente` (`ID`,`razon_social`,`DNI_CUIL`,`fecha_alta`) VALUES (13,"Dolor Sit Amet Industries","43564942","27/10/2014");
INSERT INTO `Cliente` (`ID`,`razon_social`,`DNI_CUIL`,`fecha_alta`) VALUES (14,"Pellentesque Tincidunt Tempus LLP","45454049","09/04/2015");
INSERT INTO `Cliente` (`ID`,`razon_social`,`DNI_CUIL`,`fecha_alta`) VALUES (15,"Volutpat Ornare Institute","21629971","13/04/2016");
INSERT INTO `Cliente` (`ID`,`razon_social`,`DNI_CUIL`,`fecha_alta`) VALUES (16,"Eu Enim Industries","70338844","06/12/2015");
INSERT INTO `Cliente` (`ID`,`razon_social`,`DNI_CUIL`,`fecha_alta`) VALUES (17,"Mauris Integer Sem Consulting","39857507","28/01/2016");
INSERT INTO `Cliente` (`ID`,`razon_social`,`DNI_CUIL`,`fecha_alta`) VALUES (18,"Duis Gravida Praesent Company","60825287","08/03/2016");
INSERT INTO `Cliente` (`ID`,`razon_social`,`DNI_CUIL`,`fecha_alta`) VALUES (19,"A Neque Nullam Inc.","36824732","11/08/2014");
INSERT INTO `Cliente` (`ID`,`razon_social`,`DNI_CUIL`,`fecha_alta`) VALUES (20,"Pretium Foundation","71508152","07/10/2015");
INSERT INTO `Cliente` (`ID`,`razon_social`,`DNI_CUIL`,`fecha_alta`) VALUES (21,"Et Libero Proin Institute","18028772","10/04/2016");
INSERT INTO `Cliente` (`ID`,`razon_social`,`DNI_CUIL`,`fecha_alta`) VALUES (22,"Tristique Pellentesque Tellus Limited","86574587","14/10/2014");
INSERT INTO `Cliente` (`ID`,`razon_social`,`DNI_CUIL`,`fecha_alta`) VALUES (23,"Pede Incorporated","51511899","07/08/2014");
INSERT INTO `Cliente` (`ID`,`razon_social`,`DNI_CUIL`,`fecha_alta`) VALUES (24,"Eleifend Corp.","16767456","26/12/2015");
INSERT INTO `Cliente` (`ID`,`razon_social`,`DNI_CUIL`,`fecha_alta`) VALUES (25,"Nec Malesuada Ut PC","08579896","04/06/2015");
INSERT INTO `Cliente` (`ID`,`razon_social`,`DNI_CUIL`,`fecha_alta`) VALUES (26,"Duis Ac Arcu LLP","24628653","05/09/2015");
INSERT INTO `Cliente` (`ID`,`razon_social`,`DNI_CUIL`,`fecha_alta`) VALUES (27,"Ipsum Donec Consulting","13558179","28/06/2015");
INSERT INTO `Cliente` (`ID`,`razon_social`,`DNI_CUIL`,`fecha_alta`) VALUES (28,"Lectus Cum LLP","68348831","17/07/2015");
INSERT INTO `Cliente` (`ID`,`razon_social`,`DNI_CUIL`,`fecha_alta`) VALUES (29,"Eu Accumsan Corporation","36305017","18/03/2015");
INSERT INTO `Cliente` (`ID`,`razon_social`,`DNI_CUIL`,`fecha_alta`) VALUES (30,"Justo PC","15036649","12/12/2015");
INSERT INTO `Cliente` (`ID`,`razon_social`,`DNI_CUIL`,`fecha_alta`) VALUES (31,"Ac Fermentum Corp.","33058909","26/08/2015");
INSERT INTO `Cliente` (`ID`,`razon_social`,`DNI_CUIL`,`fecha_alta`) VALUES (32,"Senectus Et Corp.","29993584","21/12/2015");
INSERT INTO `Cliente` (`ID`,`razon_social`,`DNI_CUIL`,`fecha_alta`) VALUES (33,"Libero PC","49286848","17/07/2015");
INSERT INTO `Cliente` (`ID`,`razon_social`,`DNI_CUIL`,`fecha_alta`) VALUES (34,"Tincidunt Tempus Company","90622862","09/10/2015");
INSERT INTO `Cliente` (`ID`,`razon_social`,`DNI_CUIL`,`fecha_alta`) VALUES (35,"Duis Dignissim LLC","54020561","16/02/2016");
INSERT INTO `Cliente` (`ID`,`razon_social`,`DNI_CUIL`,`fecha_alta`) VALUES (36,"Vel Pede Blandit Corp.","60537004","12/05/2015");
INSERT INTO `Cliente` (`ID`,`razon_social`,`DNI_CUIL`,`fecha_alta`) VALUES (37,"Enim Condimentum Ltd","24482772","11/10/2015");
INSERT INTO `Cliente` (`ID`,`razon_social`,`DNI_CUIL`,`fecha_alta`) VALUES (38,"Nisl Sem Company","62246240","19/06/2016");
INSERT INTO `Cliente` (`ID`,`razon_social`,`DNI_CUIL`,`fecha_alta`) VALUES (39,"Nunc Ullamcorper Company","58591466","12/01/2016");
INSERT INTO `Cliente` (`ID`,`razon_social`,`DNI_CUIL`,`fecha_alta`) VALUES (40,"Ut Erat Inc.","19984986","28/01/2016");
INSERT INTO `Cliente` (`ID`,`razon_social`,`DNI_CUIL`,`fecha_alta`) VALUES (41,"Quisque Institute","32086493","26/05/2015");
INSERT INTO `Cliente` (`ID`,`razon_social`,`DNI_CUIL`,`fecha_alta`) VALUES (42,"Sit Amet Lorem Consulting","73311374","19/06/2015");
INSERT INTO `Cliente` (`ID`,`razon_social`,`DNI_CUIL`,`fecha_alta`) VALUES (43,"Vivamus Inc.","89591361","19/09/2014");
INSERT INTO `Cliente` (`ID`,`razon_social`,`DNI_CUIL`,`fecha_alta`) VALUES (44,"In Lobortis PC","18330145","09/05/2016");
INSERT INTO `Cliente` (`ID`,`razon_social`,`DNI_CUIL`,`fecha_alta`) VALUES (45,"Nunc Company","41112938","13/12/2015");
INSERT INTO `Cliente` (`ID`,`razon_social`,`DNI_CUIL`,`fecha_alta`) VALUES (46,"Pede Sagittis Foundation","20516392","01/06/2016");
INSERT INTO `Cliente` (`ID`,`razon_social`,`DNI_CUIL`,`fecha_alta`) VALUES (47,"Mattis Cras Consulting","92358798","27/03/2016");
INSERT INTO `Cliente` (`ID`,`razon_social`,`DNI_CUIL`,`fecha_alta`) VALUES (48,"Malesuada Id Inc.","49646761","11/03/2015");
INSERT INTO `Cliente` (`ID`,`razon_social`,`DNI_CUIL`,`fecha_alta`) VALUES (49,"Mauris Erat Foundation","27505083","08/05/2016");
INSERT INTO `Cliente` (`ID`,`razon_social`,`DNI_CUIL`,`fecha_alta`) VALUES (50,"Nec Industries","28738721","13/02/2016");
INSERT INTO `Cliente` (`ID`,`razon_social`,`DNI_CUIL`,`fecha_alta`) VALUES (51,"Vestibulum Company","07739089","05/09/2014");
INSERT INTO `Cliente` (`ID`,`razon_social`,`DNI_CUIL`,`fecha_alta`) VALUES (52,"Est Ac Mattis Ltd","86277382","07/01/2015");
INSERT INTO `Cliente` (`ID`,`razon_social`,`DNI_CUIL`,`fecha_alta`) VALUES (53,"Ligula Ltd","49605974","09/02/2016");
INSERT INTO `Cliente` (`ID`,`razon_social`,`DNI_CUIL`,`fecha_alta`) VALUES (54,"Vel Lectus Company","24239245","01/11/2015");
INSERT INTO `Cliente` (`ID`,`razon_social`,`DNI_CUIL`,`fecha_alta`) VALUES (55,"Ut Ipsum Company","28456899","14/12/2014");
INSERT INTO `Cliente` (`ID`,`razon_social`,`DNI_CUIL`,`fecha_alta`) VALUES (56,"Arcu Associates","88810841","02/07/2014");
INSERT INTO `Cliente` (`ID`,`razon_social`,`DNI_CUIL`,`fecha_alta`) VALUES (57,"Pede Cum Sociis PC","77894083","14/12/2015");
INSERT INTO `Cliente` (`ID`,`razon_social`,`DNI_CUIL`,`fecha_alta`) VALUES (58,"Duis Elementum Inc.","95633973","18/10/2015");
INSERT INTO `Cliente` (`ID`,`razon_social`,`DNI_CUIL`,`fecha_alta`) VALUES (59,"In Industries","32682124","07/04/2016");
INSERT INTO `Cliente` (`ID`,`razon_social`,`DNI_CUIL`,`fecha_alta`) VALUES (60,"Non Enim Company","93818725","05/11/2014");
INSERT INTO `Cliente` (`ID`,`razon_social`,`DNI_CUIL`,`fecha_alta`) VALUES (61,"Placerat Orci Lacus Foundation","54367647","09/09/2014");
INSERT INTO `Cliente` (`ID`,`razon_social`,`DNI_CUIL`,`fecha_alta`) VALUES (62,"Ultricies Ornare Inc.","70011016","22/01/2015");
INSERT INTO `Cliente` (`ID`,`razon_social`,`DNI_CUIL`,`fecha_alta`) VALUES (63,"Diam Proin Dolor LLC","09075706","19/01/2015");
INSERT INTO `Cliente` (`ID`,`razon_social`,`DNI_CUIL`,`fecha_alta`) VALUES (64,"A LLC","02007055","07/09/2015");
INSERT INTO `Cliente` (`ID`,`razon_social`,`DNI_CUIL`,`fecha_alta`) VALUES (65,"Felis Eget Varius Foundation","72492106","05/07/2014");
INSERT INTO `Cliente` (`ID`,`razon_social`,`DNI_CUIL`,`fecha_alta`) VALUES (66,"Tempus Institute","67854230","18/06/2016");
INSERT INTO `Cliente` (`ID`,`razon_social`,`DNI_CUIL`,`fecha_alta`) VALUES (67,"Tortor Integer Corp.","56146470","14/02/2015");
INSERT INTO `Cliente` (`ID`,`razon_social`,`DNI_CUIL`,`fecha_alta`) VALUES (68,"Tellus Non Magna Inc.","88107950","14/04/2015");
INSERT INTO `Cliente` (`ID`,`razon_social`,`DNI_CUIL`,`fecha_alta`) VALUES (69,"Pede Cum LLP","07610470","27/01/2016");
INSERT INTO `Cliente` (`ID`,`razon_social`,`DNI_CUIL`,`fecha_alta`) VALUES (70,"Non Nisi Corp.","23170109","30/07/2015");
INSERT INTO `Cliente` (`ID`,`razon_social`,`DNI_CUIL`,`fecha_alta`) VALUES (71,"A Facilisis Consulting","24998303","11/12/2014");
INSERT INTO `Cliente` (`ID`,`razon_social`,`DNI_CUIL`,`fecha_alta`) VALUES (72,"Odio Industries","04578195","01/03/2015");
INSERT INTO `Cliente` (`ID`,`razon_social`,`DNI_CUIL`,`fecha_alta`) VALUES (73,"Sit Amet Ultricies Inc.","83346294","31/12/2015");
INSERT INTO `Cliente` (`ID`,`razon_social`,`DNI_CUIL`,`fecha_alta`) VALUES (74,"Imperdiet Ornare In Institute","30264792","16/04/2016");
INSERT INTO `Cliente` (`ID`,`razon_social`,`DNI_CUIL`,`fecha_alta`) VALUES (75,"Augue Id Ante LLC","75961181","30/06/2015");
INSERT INTO `Cliente` (`ID`,`razon_social`,`DNI_CUIL`,`fecha_alta`) VALUES (76,"Phasellus Foundation","32356472","18/08/2015");
INSERT INTO `Cliente` (`ID`,`razon_social`,`DNI_CUIL`,`fecha_alta`) VALUES (77,"Ut Pharetra Inc.","00037991","11/08/2014");
INSERT INTO `Cliente` (`ID`,`razon_social`,`DNI_CUIL`,`fecha_alta`) VALUES (78,"Mi Corp.","44154506","05/02/2015");
INSERT INTO `Cliente` (`ID`,`razon_social`,`DNI_CUIL`,`fecha_alta`) VALUES (79,"Accumsan Laoreet LLP","61530399","29/04/2015");
INSERT INTO `Cliente` (`ID`,`razon_social`,`DNI_CUIL`,`fecha_alta`) VALUES (80,"Ac Turpis Egestas Institute","66352652","18/07/2015");
INSERT INTO `Cliente` (`ID`,`razon_social`,`DNI_CUIL`,`fecha_alta`) VALUES (81,"Metus Ltd","34577349","08/05/2015");
INSERT INTO `Cliente` (`ID`,`razon_social`,`DNI_CUIL`,`fecha_alta`) VALUES (82,"Non LLC","98223872","23/06/2014");
INSERT INTO `Cliente` (`ID`,`razon_social`,`DNI_CUIL`,`fecha_alta`) VALUES (83,"Libero Mauris Aliquam LLP","56624562","25/08/2015");
INSERT INTO `Cliente` (`ID`,`razon_social`,`DNI_CUIL`,`fecha_alta`) VALUES (84,"Dolor Inc.","36881494","07/12/2014");
INSERT INTO `Cliente` (`ID`,`razon_social`,`DNI_CUIL`,`fecha_alta`) VALUES (85,"Et Corporation","38771203","30/03/2016");
INSERT INTO `Cliente` (`ID`,`razon_social`,`DNI_CUIL`,`fecha_alta`) VALUES (86,"Mollis Lectus Pede PC","03308960","19/11/2015");
INSERT INTO `Cliente` (`ID`,`razon_social`,`DNI_CUIL`,`fecha_alta`) VALUES (87,"Erat Vel Inc.","29359100","20/11/2014");
INSERT INTO `Cliente` (`ID`,`razon_social`,`DNI_CUIL`,`fecha_alta`) VALUES (88,"Urna Industries","91843990","16/04/2016");
INSERT INTO `Cliente` (`ID`,`razon_social`,`DNI_CUIL`,`fecha_alta`) VALUES (89,"Porttitor Vulputate Posuere Institute","57544302","11/01/2015");
INSERT INTO `Cliente` (`ID`,`razon_social`,`DNI_CUIL`,`fecha_alta`) VALUES (90,"Eget Ltd","79332190","10/12/2015");
INSERT INTO `Cliente` (`ID`,`razon_social`,`DNI_CUIL`,`fecha_alta`) VALUES (91,"Mauris Suspendisse LLP","54758169","04/04/2015");
INSERT INTO `Cliente` (`ID`,`razon_social`,`DNI_CUIL`,`fecha_alta`) VALUES (92,"Diam Pellentesque Habitant Ltd","45311187","03/10/2015");
INSERT INTO `Cliente` (`ID`,`razon_social`,`DNI_CUIL`,`fecha_alta`) VALUES (93,"Tellus Sem Ltd","14186422","07/02/2015");
INSERT INTO `Cliente` (`ID`,`razon_social`,`DNI_CUIL`,`fecha_alta`) VALUES (94,"Sagittis Semper Nam Industries","91168786","15/09/2014");
INSERT INTO `Cliente` (`ID`,`razon_social`,`DNI_CUIL`,`fecha_alta`) VALUES (95,"Donec PC","86137603","17/05/2015");
INSERT INTO `Cliente` (`ID`,`razon_social`,`DNI_CUIL`,`fecha_alta`) VALUES (96,"Blandit Viverra Donec Company","29184185","06/08/2015");
INSERT INTO `Cliente` (`ID`,`razon_social`,`DNI_CUIL`,`fecha_alta`) VALUES (97,"Ut Eros LLP","01130216","07/12/2014");
INSERT INTO `Cliente` (`ID`,`razon_social`,`DNI_CUIL`,`fecha_alta`) VALUES (98,"Lacus Varius Limited","35088137","07/01/2015");
INSERT INTO `Cliente` (`ID`,`razon_social`,`DNI_CUIL`,`fecha_alta`) VALUES (99,"Eu Arcu Consulting","77326225","20/01/2016");
INSERT INTO `Cliente` (`ID`,`razon_social`,`DNI_CUIL`,`fecha_alta`) VALUES (100,"Aliquet Lobortis LLP","03851940","04/09/2015");

Create table Producto (
id integer,
precio_unitario float,
stock_actual integer,
constraint id primary key(id)
);
INSERT INTO `Factura` (`ID`,`precio_unitario`,`stock_actual`) VALUES (1,"64.49","589");
INSERT INTO `Factura` (`ID`,`precio_unitario`,`stock_actual`) VALUES (2,"3.93","461");
INSERT INTO `Factura` (`ID`,`precio_unitario`,`stock_actual`) VALUES (3,"65.98","969");
INSERT INTO `Factura` (`ID`,`precio_unitario`,`stock_actual`) VALUES (4,"41.88","219");
INSERT INTO `Factura` (`ID`,`precio_unitario`,`stock_actual`) VALUES (5,"61.53","820");
INSERT INTO `Factura` (`ID`,`precio_unitario`,`stock_actual`) VALUES (6,"39.13","956");
INSERT INTO `Factura` (`ID`,`precio_unitario`,`stock_actual`) VALUES (7,"79.55","516");
INSERT INTO `Factura` (`ID`,`precio_unitario`,`stock_actual`) VALUES (8,"49.01","454");
INSERT INTO `Factura` (`ID`,`precio_unitario`,`stock_actual`) VALUES (9,"9.69","915");
INSERT INTO `Factura` (`ID`,`precio_unitario`,`stock_actual`) VALUES (10,"16.69","733");
INSERT INTO `Factura` (`ID`,`precio_unitario`,`stock_actual`) VALUES (11,"81.28","005");
INSERT INTO `Factura` (`ID`,`precio_unitario`,`stock_actual`) VALUES (12,"43.14","720");
INSERT INTO `Factura` (`ID`,`precio_unitario`,`stock_actual`) VALUES (13,"26.01","593");
INSERT INTO `Factura` (`ID`,`precio_unitario`,`stock_actual`) VALUES (14,"32.86","602");
INSERT INTO `Factura` (`ID`,`precio_unitario`,`stock_actual`) VALUES (15,"32.17","169");
INSERT INTO `Factura` (`ID`,`precio_unitario`,`stock_actual`) VALUES (16,"60.97","973");
INSERT INTO `Factura` (`ID`,`precio_unitario`,`stock_actual`) VALUES (17,"55.64","973");
INSERT INTO `Factura` (`ID`,`precio_unitario`,`stock_actual`) VALUES (18,"67.69","183");
INSERT INTO `Factura` (`ID`,`precio_unitario`,`stock_actual`) VALUES (19,"98.96","960");
INSERT INTO `Factura` (`ID`,`precio_unitario`,`stock_actual`) VALUES (20,"97.78","643");
INSERT INTO `Factura` (`ID`,`precio_unitario`,`stock_actual`) VALUES (21,"84.13","479");
INSERT INTO `Factura` (`ID`,`precio_unitario`,`stock_actual`) VALUES (22,"92.48","080");
INSERT INTO `Factura` (`ID`,`precio_unitario`,`stock_actual`) VALUES (23,"14.45","787");
INSERT INTO `Factura` (`ID`,`precio_unitario`,`stock_actual`) VALUES (24,"57.00","841");
INSERT INTO `Factura` (`ID`,`precio_unitario`,`stock_actual`) VALUES (25,"81.42","473");
INSERT INTO `Factura` (`ID`,`precio_unitario`,`stock_actual`) VALUES (26,"90.93","886");
INSERT INTO `Factura` (`ID`,`precio_unitario`,`stock_actual`) VALUES (27,"77.40","639");
INSERT INTO `Factura` (`ID`,`precio_unitario`,`stock_actual`) VALUES (28,"52.18","532");
INSERT INTO `Factura` (`ID`,`precio_unitario`,`stock_actual`) VALUES (29,"69.81","743");
INSERT INTO `Factura` (`ID`,`precio_unitario`,`stock_actual`) VALUES (30,"69.04","639");
INSERT INTO `Factura` (`ID`,`precio_unitario`,`stock_actual`) VALUES (31,"52.68","071");
INSERT INTO `Factura` (`ID`,`precio_unitario`,`stock_actual`) VALUES (32,"43.80","716");
INSERT INTO `Factura` (`ID`,`precio_unitario`,`stock_actual`) VALUES (33,"91.08","983");
INSERT INTO `Factura` (`ID`,`precio_unitario`,`stock_actual`) VALUES (34,"94.99","642");
INSERT INTO `Factura` (`ID`,`precio_unitario`,`stock_actual`) VALUES (35,"41.31","159");
INSERT INTO `Factura` (`ID`,`precio_unitario`,`stock_actual`) VALUES (36,"65.12","895");
INSERT INTO `Factura` (`ID`,`precio_unitario`,`stock_actual`) VALUES (37,"63.68","979");
INSERT INTO `Factura` (`ID`,`precio_unitario`,`stock_actual`) VALUES (38,"2.45","381");
INSERT INTO `Factura` (`ID`,`precio_unitario`,`stock_actual`) VALUES (39,"81.92","567");
INSERT INTO `Factura` (`ID`,`precio_unitario`,`stock_actual`) VALUES (40,"27.18","329");
INSERT INTO `Factura` (`ID`,`precio_unitario`,`stock_actual`) VALUES (41,"34.82","755");
INSERT INTO `Factura` (`ID`,`precio_unitario`,`stock_actual`) VALUES (42,"2.70","301");
INSERT INTO `Factura` (`ID`,`precio_unitario`,`stock_actual`) VALUES (43,"60.23","254");
INSERT INTO `Factura` (`ID`,`precio_unitario`,`stock_actual`) VALUES (44,"3.54","003");
INSERT INTO `Factura` (`ID`,`precio_unitario`,`stock_actual`) VALUES (45,"7.14","369");
INSERT INTO `Factura` (`ID`,`precio_unitario`,`stock_actual`) VALUES (46,"49.07","300");
INSERT INTO `Factura` (`ID`,`precio_unitario`,`stock_actual`) VALUES (47,"91.44","524");
INSERT INTO `Factura` (`ID`,`precio_unitario`,`stock_actual`) VALUES (48,"92.35","516");
INSERT INTO `Factura` (`ID`,`precio_unitario`,`stock_actual`) VALUES (49,"38.16","136");
INSERT INTO `Factura` (`ID`,`precio_unitario`,`stock_actual`) VALUES (50,"42.44","303");
INSERT INTO `Factura` (`ID`,`precio_unitario`,`stock_actual`) VALUES (51,"13.45","028");
INSERT INTO `Factura` (`ID`,`precio_unitario`,`stock_actual`) VALUES (52,"88.20","606");
INSERT INTO `Factura` (`ID`,`precio_unitario`,`stock_actual`) VALUES (53,"34.83","675");
INSERT INTO `Factura` (`ID`,`precio_unitario`,`stock_actual`) VALUES (54,"35.52","993");
INSERT INTO `Factura` (`ID`,`precio_unitario`,`stock_actual`) VALUES (55,"81.73","762");
INSERT INTO `Factura` (`ID`,`precio_unitario`,`stock_actual`) VALUES (56,"4.70","042");
INSERT INTO `Factura` (`ID`,`precio_unitario`,`stock_actual`) VALUES (57,"54.24","470");
INSERT INTO `Factura` (`ID`,`precio_unitario`,`stock_actual`) VALUES (58,"73.16","858");
INSERT INTO `Factura` (`ID`,`precio_unitario`,`stock_actual`) VALUES (59,"87.63","403");
INSERT INTO `Factura` (`ID`,`precio_unitario`,`stock_actual`) VALUES (60,"77.93","160");
INSERT INTO `Factura` (`ID`,`precio_unitario`,`stock_actual`) VALUES (61,"80.78","290");
INSERT INTO `Factura` (`ID`,`precio_unitario`,`stock_actual`) VALUES (62,"47.90","710");
INSERT INTO `Factura` (`ID`,`precio_unitario`,`stock_actual`) VALUES (63,"84.04","204");
INSERT INTO `Factura` (`ID`,`precio_unitario`,`stock_actual`) VALUES (64,"57.18","291");
INSERT INTO `Factura` (`ID`,`precio_unitario`,`stock_actual`) VALUES (65,"4.90","737");
INSERT INTO `Factura` (`ID`,`precio_unitario`,`stock_actual`) VALUES (66,"32.25","675");
INSERT INTO `Factura` (`ID`,`precio_unitario`,`stock_actual`) VALUES (67,"60.05","824");
INSERT INTO `Factura` (`ID`,`precio_unitario`,`stock_actual`) VALUES (68,"22.49","711");
INSERT INTO `Factura` (`ID`,`precio_unitario`,`stock_actual`) VALUES (69,"2.39","017");
INSERT INTO `Factura` (`ID`,`precio_unitario`,`stock_actual`) VALUES (70,"18.22","781");
INSERT INTO `Factura` (`ID`,`precio_unitario`,`stock_actual`) VALUES (71,"15.88","159");
INSERT INTO `Factura` (`ID`,`precio_unitario`,`stock_actual`) VALUES (72,"31.91","696");
INSERT INTO `Factura` (`ID`,`precio_unitario`,`stock_actual`) VALUES (73,"5.89","735");
INSERT INTO `Factura` (`ID`,`precio_unitario`,`stock_actual`) VALUES (74,"83.10","369");
INSERT INTO `Factura` (`ID`,`precio_unitario`,`stock_actual`) VALUES (75,"26.31","992");
INSERT INTO `Factura` (`ID`,`precio_unitario`,`stock_actual`) VALUES (76,"64.11","523");
INSERT INTO `Factura` (`ID`,`precio_unitario`,`stock_actual`) VALUES (77,"92.10","419");
INSERT INTO `Factura` (`ID`,`precio_unitario`,`stock_actual`) VALUES (78,"78.97","112");
INSERT INTO `Factura` (`ID`,`precio_unitario`,`stock_actual`) VALUES (79,"31.91","566");
INSERT INTO `Factura` (`ID`,`precio_unitario`,`stock_actual`) VALUES (80,"76.78","438");
INSERT INTO `Factura` (`ID`,`precio_unitario`,`stock_actual`) VALUES (81,"69.56","747");
INSERT INTO `Factura` (`ID`,`precio_unitario`,`stock_actual`) VALUES (82,"17.72","369");
INSERT INTO `Factura` (`ID`,`precio_unitario`,`stock_actual`) VALUES (83,"86.10","796");
INSERT INTO `Factura` (`ID`,`precio_unitario`,`stock_actual`) VALUES (84,"73.70","120");
INSERT INTO `Factura` (`ID`,`precio_unitario`,`stock_actual`) VALUES (85,"54.66","900");
INSERT INTO `Factura` (`ID`,`precio_unitario`,`stock_actual`) VALUES (86,"68.15","967");
INSERT INTO `Factura` (`ID`,`precio_unitario`,`stock_actual`) VALUES (87,"92.24","215");
INSERT INTO `Factura` (`ID`,`precio_unitario`,`stock_actual`) VALUES (88,"54.95","441");
INSERT INTO `Factura` (`ID`,`precio_unitario`,`stock_actual`) VALUES (89,"22.30","049");
INSERT INTO `Factura` (`ID`,`precio_unitario`,`stock_actual`) VALUES (90,"33.25","970");
INSERT INTO `Factura` (`ID`,`precio_unitario`,`stock_actual`) VALUES (91,"44.43","826");
INSERT INTO `Factura` (`ID`,`precio_unitario`,`stock_actual`) VALUES (92,"8.56","068");
INSERT INTO `Factura` (`ID`,`precio_unitario`,`stock_actual`) VALUES (93,"99.34","117");
INSERT INTO `Factura` (`ID`,`precio_unitario`,`stock_actual`) VALUES (94,"51.26","629");
INSERT INTO `Factura` (`ID`,`precio_unitario`,`stock_actual`) VALUES (95,"78.78","258");
INSERT INTO `Factura` (`ID`,`precio_unitario`,`stock_actual`) VALUES (96,"42.32","288");
INSERT INTO `Factura` (`ID`,`precio_unitario`,`stock_actual`) VALUES (97,"42.84","673");
INSERT INTO `Factura` (`ID`,`precio_unitario`,`stock_actual`) VALUES (98,"87.63","907");
INSERT INTO `Factura` (`ID`,`precio_unitario`,`stock_actual`) VALUES (99,"74.37","552");
INSERT INTO `Factura` (`ID`,`precio_unitario`,`stock_actual`) VALUES (100,"18.30","806");

Create table Factura (
ID_fact integer,
nro_factura integer,
fecha date,
fecha_pago date,
id_cliente integer,
constraint id_fact primary  key (id_fact),
foreign key (id_cliente) references Cliente(id)
);

INSERT INTO `Factura` (`ID_fact`,`nro_factura`,`fecha`,`fecha_pago`,`id_cliente`) VALUES (1,"45558","12/01/2015","08/10/2015",80);
INSERT INTO `Factura` (`ID_fact`,`nro_factura`,`fecha`,`fecha_pago`,`id_cliente`) VALUES (2,"02478","05/04/2016","24/11/2015",42);
INSERT INTO `Factura` (`ID_fact`,`nro_factura`,`fecha`,`fecha_pago`,`id_cliente`) VALUES (3,"73887","12/11/2015","19/01/2016",7);
INSERT INTO `Factura` (`ID_fact`,`nro_factura`,`fecha`,`fecha_pago`,`id_cliente`) VALUES (4,"44531","30/09/2014","29/06/2015",82);
INSERT INTO `Factura` (`ID_fact`,`nro_factura`,`fecha`,`fecha_pago`,`id_cliente`) VALUES (5,"28356","19/09/2014","28/07/2015",29);
INSERT INTO `Factura` (`ID_fact`,`nro_factura`,`fecha`,`fecha_pago`,`id_cliente`) VALUES (6,"70056","08/01/2015","23/04/2016",94);
INSERT INTO `Factura` (`ID_fact`,`nro_factura`,`fecha`,`fecha_pago`,`id_cliente`) VALUES (7,"03952","18/03/2016","13/01/2015",100);
INSERT INTO `Factura` (`ID_fact`,`nro_factura`,`fecha`,`fecha_pago`,`id_cliente`) VALUES (8,"86462","17/12/2014","20/10/2014",88);
INSERT INTO `Factura` (`ID_fact`,`nro_factura`,`fecha`,`fecha_pago`,`id_cliente`) VALUES (9,"40526","20/12/2014","29/06/2015",18);
INSERT INTO `Factura` (`ID_fact`,`nro_factura`,`fecha`,`fecha_pago`,`id_cliente`) VALUES (10,"72610","27/03/2016","20/08/2014",24);
INSERT INTO `Factura` (`ID_fact`,`nro_factura`,`fecha`,`fecha_pago`,`id_cliente`) VALUES (11,"98452","25/02/2016","05/04/2016",73);
INSERT INTO `Factura` (`ID_fact`,`nro_factura`,`fecha`,`fecha_pago`,`id_cliente`) VALUES (12,"94213","08/09/2015","26/01/2015",39);
INSERT INTO `Factura` (`ID_fact`,`nro_factura`,`fecha`,`fecha_pago`,`id_cliente`) VALUES (13,"72630","03/05/2016","22/01/2015",84);
INSERT INTO `Factura` (`ID_fact`,`nro_factura`,`fecha`,`fecha_pago`,`id_cliente`) VALUES (14,"77732","08/09/2015","22/11/2014",55);
INSERT INTO `Factura` (`ID_fact`,`nro_factura`,`fecha`,`fecha_pago`,`id_cliente`) VALUES (15,"58049","20/09/2014","01/04/2016",30);
INSERT INTO `Factura` (`ID_fact`,`nro_factura`,`fecha`,`fecha_pago`,`id_cliente`) VALUES (16,"08509","21/02/2015","09/10/2015",90);
INSERT INTO `Factura` (`ID_fact`,`nro_factura`,`fecha`,`fecha_pago`,`id_cliente`) VALUES (17,"49923","14/02/2015","09/03/2015",31);
INSERT INTO `Factura` (`ID_fact`,`nro_factura`,`fecha`,`fecha_pago`,`id_cliente`) VALUES (18,"14000","27/06/2014","13/01/2016",42);
INSERT INTO `Factura` (`ID_fact`,`nro_factura`,`fecha`,`fecha_pago`,`id_cliente`) VALUES (19,"89269","03/03/2016","13/04/2016",38);
INSERT INTO `Factura` (`ID_fact`,`nro_factura`,`fecha`,`fecha_pago`,`id_cliente`) VALUES (20,"34332","06/05/2015","31/08/2015",50);
INSERT INTO `Factura` (`ID_fact`,`nro_factura`,`fecha`,`fecha_pago`,`id_cliente`) VALUES (21,"78586","10/10/2014","17/12/2014",31);
INSERT INTO `Factura` (`ID_fact`,`nro_factura`,`fecha`,`fecha_pago`,`id_cliente`) VALUES (22,"62449","19/06/2015","26/07/2014",38);
INSERT INTO `Factura` (`ID_fact`,`nro_factura`,`fecha`,`fecha_pago`,`id_cliente`) VALUES (23,"07636","27/03/2016","29/06/2014",78);
INSERT INTO `Factura` (`ID_fact`,`nro_factura`,`fecha`,`fecha_pago`,`id_cliente`) VALUES (24,"37515","12/03/2015","28/02/2016",38);
INSERT INTO `Factura` (`ID_fact`,`nro_factura`,`fecha`,`fecha_pago`,`id_cliente`) VALUES (25,"43039","22/01/2016","25/04/2016",2);
INSERT INTO `Factura` (`ID_fact`,`nro_factura`,`fecha`,`fecha_pago`,`id_cliente`) VALUES (26,"60791","24/08/2015","02/02/2016",44);
INSERT INTO `Factura` (`ID_fact`,`nro_factura`,`fecha`,`fecha_pago`,`id_cliente`) VALUES (27,"36565","09/07/2014","04/01/2015",52);
INSERT INTO `Factura` (`ID_fact`,`nro_factura`,`fecha`,`fecha_pago`,`id_cliente`) VALUES (28,"07996","13/07/2014","19/06/2016",69);
INSERT INTO `Factura` (`ID_fact`,`nro_factura`,`fecha`,`fecha_pago`,`id_cliente`) VALUES (29,"09033","16/04/2016","20/02/2016",79);
INSERT INTO `Factura` (`ID_fact`,`nro_factura`,`fecha`,`fecha_pago`,`id_cliente`) VALUES (30,"78702","01/09/2015","29/07/2015",31);
INSERT INTO `Factura` (`ID_fact`,`nro_factura`,`fecha`,`fecha_pago`,`id_cliente`) VALUES (31,"19218","23/08/2015","03/04/2015",23);
INSERT INTO `Factura` (`ID_fact`,`nro_factura`,`fecha`,`fecha_pago`,`id_cliente`) VALUES (32,"53045","05/07/2015","05/05/2016",91);
INSERT INTO `Factura` (`ID_fact`,`nro_factura`,`fecha`,`fecha_pago`,`id_cliente`) VALUES (33,"28095","23/07/2014","12/07/2014",7);
INSERT INTO `Factura` (`ID_fact`,`nro_factura`,`fecha`,`fecha_pago`,`id_cliente`) VALUES (34,"03526","03/07/2014","04/03/2016",89);
INSERT INTO `Factura` (`ID_fact`,`nro_factura`,`fecha`,`fecha_pago`,`id_cliente`) VALUES (35,"23888","26/10/2014","29/05/2016",31);
INSERT INTO `Factura` (`ID_fact`,`nro_factura`,`fecha`,`fecha_pago`,`id_cliente`) VALUES (36,"74716","30/07/2014","21/09/2015",76);
INSERT INTO `Factura` (`ID_fact`,`nro_factura`,`fecha`,`fecha_pago`,`id_cliente`) VALUES (37,"59142","07/07/2014","08/02/2016",70);
INSERT INTO `Factura` (`ID_fact`,`nro_factura`,`fecha`,`fecha_pago`,`id_cliente`) VALUES (38,"17852","08/02/2015","17/04/2015",56);
INSERT INTO `Factura` (`ID_fact`,`nro_factura`,`fecha`,`fecha_pago`,`id_cliente`) VALUES (39,"90881","28/03/2016","09/08/2014",61);
INSERT INTO `Factura` (`ID_fact`,`nro_factura`,`fecha`,`fecha_pago`,`id_cliente`) VALUES (40,"15368","01/04/2015","10/04/2015",7);
INSERT INTO `Factura` (`ID_fact`,`nro_factura`,`fecha`,`fecha_pago`,`id_cliente`) VALUES (41,"22728","01/03/2015","14/07/2014",33);
INSERT INTO `Factura` (`ID_fact`,`nro_factura`,`fecha`,`fecha_pago`,`id_cliente`) VALUES (42,"69445","26/06/2015","11/07/2014",36);
INSERT INTO `Factura` (`ID_fact`,`nro_factura`,`fecha`,`fecha_pago`,`id_cliente`) VALUES (43,"19077","20/06/2015","10/11/2014",69);
INSERT INTO `Factura` (`ID_fact`,`nro_factura`,`fecha`,`fecha_pago`,`id_cliente`) VALUES (44,"17334","25/08/2014","15/08/2015",76);
INSERT INTO `Factura` (`ID_fact`,`nro_factura`,`fecha`,`fecha_pago`,`id_cliente`) VALUES (45,"82150","08/05/2016","02/11/2014",27);
INSERT INTO `Factura` (`ID_fact`,`nro_factura`,`fecha`,`fecha_pago`,`id_cliente`) VALUES (46,"22759","16/07/2014","31/05/2015",28);
INSERT INTO `Factura` (`ID_fact`,`nro_factura`,`fecha`,`fecha_pago`,`id_cliente`) VALUES (47,"72252","08/08/2014","08/07/2015",95);
INSERT INTO `Factura` (`ID_fact`,`nro_factura`,`fecha`,`fecha_pago`,`id_cliente`) VALUES (48,"94429","19/12/2014","06/11/2014",90);
INSERT INTO `Factura` (`ID_fact`,`nro_factura`,`fecha`,`fecha_pago`,`id_cliente`) VALUES (49,"06222","27/05/2016","23/10/2015",87);
INSERT INTO `Factura` (`ID_fact`,`nro_factura`,`fecha`,`fecha_pago`,`id_cliente`) VALUES (50,"45093","20/05/2016","05/05/2016",85);
INSERT INTO `Factura` (`ID_fact`,`nro_factura`,`fecha`,`fecha_pago`,`id_cliente`) VALUES (51,"43871","03/05/2015","22/10/2015",23);
INSERT INTO `Factura` (`ID_fact`,`nro_factura`,`fecha`,`fecha_pago`,`id_cliente`) VALUES (52,"74467","17/12/2014","07/03/2016",75);
INSERT INTO `Factura` (`ID_fact`,`nro_factura`,`fecha`,`fecha_pago`,`id_cliente`) VALUES (53,"32525","08/08/2014","24/01/2015",95);
INSERT INTO `Factura` (`ID_fact`,`nro_factura`,`fecha`,`fecha_pago`,`id_cliente`) VALUES (54,"66096","03/08/2015","03/06/2015",39);
INSERT INTO `Factura` (`ID_fact`,`nro_factura`,`fecha`,`fecha_pago`,`id_cliente`) VALUES (55,"99312","04/03/2015","23/04/2016",7);
INSERT INTO `Factura` (`ID_fact`,`nro_factura`,`fecha`,`fecha_pago`,`id_cliente`) VALUES (56,"72937","24/11/2015","21/10/2015",55);
INSERT INTO `Factura` (`ID_fact`,`nro_factura`,`fecha`,`fecha_pago`,`id_cliente`) VALUES (57,"20514","14/11/2015","08/08/2014",66);
INSERT INTO `Factura` (`ID_fact`,`nro_factura`,`fecha`,`fecha_pago`,`id_cliente`) VALUES (58,"05068","24/02/2016","24/12/2015",27);
INSERT INTO `Factura` (`ID_fact`,`nro_factura`,`fecha`,`fecha_pago`,`id_cliente`) VALUES (59,"20897","22/07/2015","27/08/2015",51);
INSERT INTO `Factura` (`ID_fact`,`nro_factura`,`fecha`,`fecha_pago`,`id_cliente`) VALUES (60,"02678","13/03/2016","16/01/2016",41);
INSERT INTO `Factura` (`ID_fact`,`nro_factura`,`fecha`,`fecha_pago`,`id_cliente`) VALUES (61,"71680","29/11/2015","06/11/2014",86);
INSERT INTO `Factura` (`ID_fact`,`nro_factura`,`fecha`,`fecha_pago`,`id_cliente`) VALUES (62,"65443","25/03/2016","20/06/2015",81);
INSERT INTO `Factura` (`ID_fact`,`nro_factura`,`fecha`,`fecha_pago`,`id_cliente`) VALUES (63,"56188","19/07/2015","06/06/2015",55);
INSERT INTO `Factura` (`ID_fact`,`nro_factura`,`fecha`,`fecha_pago`,`id_cliente`) VALUES (64,"01303","23/05/2016","12/06/2015",76);
INSERT INTO `Factura` (`ID_fact`,`nro_factura`,`fecha`,`fecha_pago`,`id_cliente`) VALUES (65,"14018","08/02/2016","17/12/2015",23);
INSERT INTO `Factura` (`ID_fact`,`nro_factura`,`fecha`,`fecha_pago`,`id_cliente`) VALUES (66,"79473","13/01/2015","26/09/2014",86);
INSERT INTO `Factura` (`ID_fact`,`nro_factura`,`fecha`,`fecha_pago`,`id_cliente`) VALUES (67,"42807","11/10/2014","06/05/2015",12);
INSERT INTO `Factura` (`ID_fact`,`nro_factura`,`fecha`,`fecha_pago`,`id_cliente`) VALUES (68,"76153","20/01/2015","16/06/2016",88);
INSERT INTO `Factura` (`ID_fact`,`nro_factura`,`fecha`,`fecha_pago`,`id_cliente`) VALUES (69,"59098","10/12/2015","13/03/2015",16);
INSERT INTO `Factura` (`ID_fact`,`nro_factura`,`fecha`,`fecha_pago`,`id_cliente`) VALUES (70,"02486","25/02/2015","11/05/2015",60);
INSERT INTO `Factura` (`ID_fact`,`nro_factura`,`fecha`,`fecha_pago`,`id_cliente`) VALUES (71,"96511","02/01/2015","06/09/2014",80);
INSERT INTO `Factura` (`ID_fact`,`nro_factura`,`fecha`,`fecha_pago`,`id_cliente`) VALUES (72,"31198","27/03/2016","28/05/2016",37);
INSERT INTO `Factura` (`ID_fact`,`nro_factura`,`fecha`,`fecha_pago`,`id_cliente`) VALUES (73,"66639","10/01/2016","24/01/2015",81);
INSERT INTO `Factura` (`ID_fact`,`nro_factura`,`fecha`,`fecha_pago`,`id_cliente`) VALUES (74,"66047","20/05/2016","14/03/2015",1);
INSERT INTO `Factura` (`ID_fact`,`nro_factura`,`fecha`,`fecha_pago`,`id_cliente`) VALUES (75,"61578","10/12/2014","14/06/2015",24);
INSERT INTO `Factura` (`ID_fact`,`nro_factura`,`fecha`,`fecha_pago`,`id_cliente`) VALUES (76,"43182","02/02/2016","24/07/2014",67);
INSERT INTO `Factura` (`ID_fact`,`nro_factura`,`fecha`,`fecha_pago`,`id_cliente`) VALUES (77,"08833","20/09/2014","08/03/2015",5);
INSERT INTO `Factura` (`ID_fact`,`nro_factura`,`fecha`,`fecha_pago`,`id_cliente`) VALUES (78,"62967","18/05/2016","07/01/2016",8);
INSERT INTO `Factura` (`ID_fact`,`nro_factura`,`fecha`,`fecha_pago`,`id_cliente`) VALUES (79,"98977","24/04/2015","01/01/2015",19);
INSERT INTO `Factura` (`ID_fact`,`nro_factura`,`fecha`,`fecha_pago`,`id_cliente`) VALUES (80,"12596","21/05/2015","04/11/2015",26);
INSERT INTO `Factura` (`ID_fact`,`nro_factura`,`fecha`,`fecha_pago`,`id_cliente`) VALUES (81,"99803","05/09/2014","30/04/2015",55);
INSERT INTO `Factura` (`ID_fact`,`nro_factura`,`fecha`,`fecha_pago`,`id_cliente`) VALUES (82,"17765","17/06/2015","30/07/2014",46);
INSERT INTO `Factura` (`ID_fact`,`nro_factura`,`fecha`,`fecha_pago`,`id_cliente`) VALUES (83,"25331","24/07/2014","21/11/2015",47);
INSERT INTO `Factura` (`ID_fact`,`nro_factura`,`fecha`,`fecha_pago`,`id_cliente`) VALUES (84,"12476","03/01/2015","13/08/2015",2);
INSERT INTO `Factura` (`ID_fact`,`nro_factura`,`fecha`,`fecha_pago`,`id_cliente`) VALUES (85,"11548","23/01/2016","21/05/2016",54);
INSERT INTO `Factura` (`ID_fact`,`nro_factura`,`fecha`,`fecha_pago`,`id_cliente`) VALUES (86,"62866","23/12/2015","30/03/2016",37);
INSERT INTO `Factura` (`ID_fact`,`nro_factura`,`fecha`,`fecha_pago`,`id_cliente`) VALUES (87,"56174","13/12/2015","24/04/2015",89);
INSERT INTO `Factura` (`ID_fact`,`nro_factura`,`fecha`,`fecha_pago`,`id_cliente`) VALUES (88,"74678","15/11/2014","11/11/2015",100);
INSERT INTO `Factura` (`ID_fact`,`nro_factura`,`fecha`,`fecha_pago`,`id_cliente`) VALUES (89,"86302","11/04/2015","23/08/2014",2);
INSERT INTO `Factura` (`ID_fact`,`nro_factura`,`fecha`,`fecha_pago`,`id_cliente`) VALUES (90,"01340","15/03/2015","15/07/2014",56);
INSERT INTO `Factura` (`ID_fact`,`nro_factura`,`fecha`,`fecha_pago`,`id_cliente`) VALUES (91,"50910","09/10/2015","24/06/2015",6);
INSERT INTO `Factura` (`ID_fact`,`nro_factura`,`fecha`,`fecha_pago`,`id_cliente`) VALUES (92,"39968","28/11/2015","08/05/2015",48);
INSERT INTO `Factura` (`ID_fact`,`nro_factura`,`fecha`,`fecha_pago`,`id_cliente`) VALUES (93,"72966","27/03/2016","04/04/2015",2);
INSERT INTO `Factura` (`ID_fact`,`nro_factura`,`fecha`,`fecha_pago`,`id_cliente`) VALUES (94,"09176","24/01/2016","01/04/2015",69);
INSERT INTO `Factura` (`ID_fact`,`nro_factura`,`fecha`,`fecha_pago`,`id_cliente`) VALUES (95,"32154","13/08/2014","01/09/2014",54);
INSERT INTO `Factura` (`ID_fact`,`nro_factura`,`fecha`,`fecha_pago`,`id_cliente`) VALUES (96,"68073","30/09/2015","30/07/2014",83);
INSERT INTO `Factura` (`ID_fact`,`nro_factura`,`fecha`,`fecha_pago`,`id_cliente`) VALUES (97,"53132","24/07/2015","29/08/2014",47);
INSERT INTO `Factura` (`ID_fact`,`nro_factura`,`fecha`,`fecha_pago`,`id_cliente`) VALUES (98,"98720","15/06/2016","25/07/2015",22);
INSERT INTO `Factura` (`ID_fact`,`nro_factura`,`fecha`,`fecha_pago`,`id_cliente`) VALUES (99,"55380","01/07/2015","12/08/2015",62);
INSERT INTO `Factura` (`ID_fact`,`nro_factura`,`fecha`,`fecha_pago`,`id_cliente`) VALUES (100,"02040","30/11/2014","12/04/2016",42);

Create table Factura_producto (
id_factura integer, 
id_producto integer,
cantidad integer,
foreign key(id_factura) references Factura(id_fact),
foreign key(id_producto) references Producto(id)
);

INSERT INTO `Factura_producto` (`id_factura`,`id_producto`,`cantidad`) VALUES (64,41,75);
INSERT INTO `Factura_producto` (`id_factura`,`id_producto`,`cantidad`) VALUES (44,50,68);
INSERT INTO `Factura_producto` (`id_factura`,`id_producto`,`cantidad`) VALUES (83,98,11);
INSERT INTO `Factura_producto` (`id_factura`,`id_producto`,`cantidad`) VALUES (10,23,65);
INSERT INTO `Factura_producto` (`id_factura`,`id_producto`,`cantidad`) VALUES (72,39,8);
INSERT INTO `Factura_producto` (`id_factura`,`id_producto`,`cantidad`) VALUES (99,28,75);
INSERT INTO `Factura_producto` (`id_factura`,`id_producto`,`cantidad`) VALUES (94,89,60);
INSERT INTO `Factura_producto` (`id_factura`,`id_producto`,`cantidad`) VALUES (98,32,87);
INSERT INTO `Factura_producto` (`id_factura`,`id_producto`,`cantidad`) VALUES (16,21,2);
INSERT INTO `Factura_producto` (`id_factura`,`id_producto`,`cantidad`) VALUES (61,17,39);
INSERT INTO `Factura_producto` (`id_factura`,`id_producto`,`cantidad`) VALUES (34,60,54);
INSERT INTO `Factura_producto` (`id_factura`,`id_producto`,`cantidad`) VALUES (29,71,90);
INSERT INTO `Factura_producto` (`id_factura`,`id_producto`,`cantidad`) VALUES (83,61,1);
INSERT INTO `Factura_producto` (`id_factura`,`id_producto`,`cantidad`) VALUES (13,79,82);
INSERT INTO `Factura_producto` (`id_factura`,`id_producto`,`cantidad`) VALUES (63,94,66);
INSERT INTO `Factura_producto` (`id_factura`,`id_producto`,`cantidad`) VALUES (56,33,4);
INSERT INTO `Factura_producto` (`id_factura`,`id_producto`,`cantidad`) VALUES (76,34,50);
INSERT INTO `Factura_producto` (`id_factura`,`id_producto`,`cantidad`) VALUES (53,41,44);
INSERT INTO `Factura_producto` (`id_factura`,`id_producto`,`cantidad`) VALUES (29,85,33);
INSERT INTO `Factura_producto` (`id_factura`,`id_producto`,`cantidad`) VALUES (80,80,19);
INSERT INTO `Factura_producto` (`id_factura`,`id_producto`,`cantidad`) VALUES (78,22,3);
INSERT INTO `Factura_producto` (`id_factura`,`id_producto`,`cantidad`) VALUES (94,17,56);
INSERT INTO `Factura_producto` (`id_factura`,`id_producto`,`cantidad`) VALUES (32,64,39);
INSERT INTO `Factura_producto` (`id_factura`,`id_producto`,`cantidad`) VALUES (32,39,99);
INSERT INTO `Factura_producto` (`id_factura`,`id_producto`,`cantidad`) VALUES (51,2,81);
INSERT INTO `Factura_producto` (`id_factura`,`id_producto`,`cantidad`) VALUES (31,5,24);
INSERT INTO `Factura_producto` (`id_factura`,`id_producto`,`cantidad`) VALUES (46,45,36);
INSERT INTO `Factura_producto` (`id_factura`,`id_producto`,`cantidad`) VALUES (13,60,65);
INSERT INTO `Factura_producto` (`id_factura`,`id_producto`,`cantidad`) VALUES (83,91,64);
INSERT INTO `Factura_producto` (`id_factura`,`id_producto`,`cantidad`) VALUES (55,65,54);
INSERT INTO `Factura_producto` (`id_factura`,`id_producto`,`cantidad`) VALUES (67,20,31);
INSERT INTO `Factura_producto` (`id_factura`,`id_producto`,`cantidad`) VALUES (3,23,30);
INSERT INTO `Factura_producto` (`id_factura`,`id_producto`,`cantidad`) VALUES (9,44,72);
INSERT INTO `Factura_producto` (`id_factura`,`id_producto`,`cantidad`) VALUES (60,76,30);
INSERT INTO `Factura_producto` (`id_factura`,`id_producto`,`cantidad`) VALUES (81,18,31);
INSERT INTO `Factura_producto` (`id_factura`,`id_producto`,`cantidad`) VALUES (24,30,94);
INSERT INTO `Factura_producto` (`id_factura`,`id_producto`,`cantidad`) VALUES (42,69,82);
INSERT INTO `Factura_producto` (`id_factura`,`id_producto`,`cantidad`) VALUES (67,80,11);
INSERT INTO `Factura_producto` (`id_factura`,`id_producto`,`cantidad`) VALUES (35,23,59);
INSERT INTO `Factura_producto` (`id_factura`,`id_producto`,`cantidad`) VALUES (37,16,37);
INSERT INTO `Factura_producto` (`id_factura`,`id_producto`,`cantidad`) VALUES (14,51,19);
INSERT INTO `Factura_producto` (`id_factura`,`id_producto`,`cantidad`) VALUES (42,85,99);
INSERT INTO `Factura_producto` (`id_factura`,`id_producto`,`cantidad`) VALUES (14,85,18);
INSERT INTO `Factura_producto` (`id_factura`,`id_producto`,`cantidad`) VALUES (95,55,89);
INSERT INTO `Factura_producto` (`id_factura`,`id_producto`,`cantidad`) VALUES (45,86,83);
INSERT INTO `Factura_producto` (`id_factura`,`id_producto`,`cantidad`) VALUES (74,62,94);
INSERT INTO `Factura_producto` (`id_factura`,`id_producto`,`cantidad`) VALUES (10,84,42);
INSERT INTO `Factura_producto` (`id_factura`,`id_producto`,`cantidad`) VALUES (42,10,22);
INSERT INTO `Factura_producto` (`id_factura`,`id_producto`,`cantidad`) VALUES (38,80,97);
INSERT INTO `Factura_producto` (`id_factura`,`id_producto`,`cantidad`) VALUES (100,80,75);
INSERT INTO `Factura_producto` (`id_factura`,`id_producto`,`cantidad`) VALUES (19,69,18);
INSERT INTO `Factura_producto` (`id_factura`,`id_producto`,`cantidad`) VALUES (91,57,31);
INSERT INTO `Factura_producto` (`id_factura`,`id_producto`,`cantidad`) VALUES (2,14,83);
INSERT INTO `Factura_producto` (`id_factura`,`id_producto`,`cantidad`) VALUES (37,19,71);
INSERT INTO `Factura_producto` (`id_factura`,`id_producto`,`cantidad`) VALUES (14,15,89);
INSERT INTO `Factura_producto` (`id_factura`,`id_producto`,`cantidad`) VALUES (7,52,20);
INSERT INTO `Factura_producto` (`id_factura`,`id_producto`,`cantidad`) VALUES (89,79,26);
INSERT INTO `Factura_producto` (`id_factura`,`id_producto`,`cantidad`) VALUES (81,91,18);
INSERT INTO `Factura_producto` (`id_factura`,`id_producto`,`cantidad`) VALUES (12,64,56);
INSERT INTO `Factura_producto` (`id_factura`,`id_producto`,`cantidad`) VALUES (15,99,31);
INSERT INTO `Factura_producto` (`id_factura`,`id_producto`,`cantidad`) VALUES (64,71,4);
INSERT INTO `Factura_producto` (`id_factura`,`id_producto`,`cantidad`) VALUES (67,60,58);
INSERT INTO `Factura_producto` (`id_factura`,`id_producto`,`cantidad`) VALUES (71,72,80);
INSERT INTO `Factura_producto` (`id_factura`,`id_producto`,`cantidad`) VALUES (13,2,58);
INSERT INTO `Factura_producto` (`id_factura`,`id_producto`,`cantidad`) VALUES (18,66,6);
INSERT INTO `Factura_producto` (`id_factura`,`id_producto`,`cantidad`) VALUES (13,41,29);
INSERT INTO `Factura_producto` (`id_factura`,`id_producto`,`cantidad`) VALUES (20,19,3);
INSERT INTO `Factura_producto` (`id_factura`,`id_producto`,`cantidad`) VALUES (76,45,13);
INSERT INTO `Factura_producto` (`id_factura`,`id_producto`,`cantidad`) VALUES (60,35,87);
INSERT INTO `Factura_producto` (`id_factura`,`id_producto`,`cantidad`) VALUES (1,79,62);
INSERT INTO `Factura_producto` (`id_factura`,`id_producto`,`cantidad`) VALUES (90,60,5);
INSERT INTO `Factura_producto` (`id_factura`,`id_producto`,`cantidad`) VALUES (53,5,15);
INSERT INTO `Factura_producto` (`id_factura`,`id_producto`,`cantidad`) VALUES (57,89,8);
INSERT INTO `Factura_producto` (`id_factura`,`id_producto`,`cantidad`) VALUES (55,74,78);
INSERT INTO `Factura_producto` (`id_factura`,`id_producto`,`cantidad`) VALUES (58,22,85);
INSERT INTO `Factura_producto` (`id_factura`,`id_producto`,`cantidad`) VALUES (61,37,76);
INSERT INTO `Factura_producto` (`id_factura`,`id_producto`,`cantidad`) VALUES (4,23,65);
INSERT INTO `Factura_producto` (`id_factura`,`id_producto`,`cantidad`) VALUES (73,81,84);
INSERT INTO `Factura_producto` (`id_factura`,`id_producto`,`cantidad`) VALUES (70,35,80);
INSERT INTO `Factura_producto` (`id_factura`,`id_producto`,`cantidad`) VALUES (33,94,12);
INSERT INTO `Factura_producto` (`id_factura`,`id_producto`,`cantidad`) VALUES (53,5,52);
INSERT INTO `Factura_producto` (`id_factura`,`id_producto`,`cantidad`) VALUES (4,71,8);
INSERT INTO `Factura_producto` (`id_factura`,`id_producto`,`cantidad`) VALUES (28,84,79);
INSERT INTO `Factura_producto` (`id_factura`,`id_producto`,`cantidad`) VALUES (72,98,95);
INSERT INTO `Factura_producto` (`id_factura`,`id_producto`,`cantidad`) VALUES (13,97,23);
INSERT INTO `Factura_producto` (`id_factura`,`id_producto`,`cantidad`) VALUES (13,47,68);
INSERT INTO `Factura_producto` (`id_factura`,`id_producto`,`cantidad`) VALUES (30,38,26);
INSERT INTO `Factura_producto` (`id_factura`,`id_producto`,`cantidad`) VALUES (79,94,94);
INSERT INTO `Factura_producto` (`id_factura`,`id_producto`,`cantidad`) VALUES (51,83,38);
INSERT INTO `Factura_producto` (`id_factura`,`id_producto`,`cantidad`) VALUES (21,30,78);
INSERT INTO `Factura_producto` (`id_factura`,`id_producto`,`cantidad`) VALUES (99,71,64);
INSERT INTO `Factura_producto` (`id_factura`,`id_producto`,`cantidad`) VALUES (87,90,22);
INSERT INTO `Factura_producto` (`id_factura`,`id_producto`,`cantidad`) VALUES (85,38,39);
INSERT INTO `Factura_producto` (`id_factura`,`id_producto`,`cantidad`) VALUES (95,72,46);
INSERT INTO `Factura_producto` (`id_factura`,`id_producto`,`cantidad`) VALUES (83,57,67);
INSERT INTO `Factura_producto` (`id_factura`,`id_producto`,`cantidad`) VALUES (18,79,21);
INSERT INTO `Factura_producto` (`id_factura`,`id_producto`,`cantidad`) VALUES (27,61,98);
INSERT INTO `Factura_producto` (`id_factura`,`id_producto`,`cantidad`) VALUES (87,14,29);
INSERT INTO `Factura_producto` (`id_factura`,`id_producto`,`cantidad`) VALUES (99,23,81);
INSERT INTO `Factura_producto` (`id_factura`,`id_producto`,`cantidad`) VALUES (51,8,17);
